station_pair,time,delay,coherence,station1,station2
TX.PB01_TX.PB03,17.0,1.0507000656419532,0.8806754901611059,PB01,PB03
TX.PB01_TX.PB03,21.0,0.0584428871599916,0.8612054485355228,PB01,PB03
TX.PB01_TX.PB03,25.0,0.24519872200480475,0.7776448593302823,PB01,PB03
TX.PB01_TX.PB03,29.0,-0.46590769623670486,0.8163537086373067,PB01,PB03
TX.PB01_TX.PB03,33.0,-0.4778872395273856,0.7923256570860461,PB01,PB03
TX.PB01_TX.PB03,37.0,-0.15888080481608097,0.8171470112544266,PB01,PB03
TX.PB01_TX.PB03,41.0,0.13506488769889433,0.806502564821864,PB01,PB03
TX.PB01_TX.PB03,45.0,-0.060016425683484496,0.798375622406914,PB01,PB03
TX.PB01_TX.PB03,49.0,0.6946324362694979,0.8385949500601293,PB01,PB03
TX.PB01_TX.PB03,53.0,0.19899782997767596,0.8321687195940173,PB01,PB03
TX.PB01_TX.PB03,57.0,-0.6501018109055066,0.812979954458767,PB01,PB03
TX.PB01_TX.PB04,29.0,0.834139277295932,0.7717855929699021,PB01,PB04
TX.PB01_TX.PB04,33.0,-0.33187140757015315,0.8295571232362414,PB01,PB04
TX.PB01_TX.PB04,37.0,0.20048197113263447,0.7662997784110684,PB01,PB04
TX.PB01_TX.PB04,41.0,0.6384293352282718,0.8101352737410276,PB01,PB04
TX.PB01_TX.PB04,45.0,0.1071898592591722,0.7678316172203264,PB01,PB04
TX.PB01_TX.PB04,49.0,-0.004994515619598348,0.821256238050311,PB01,PB04
TX.PB01_TX.PB04,53.0,-0.28084835983598616,0.7842830347287623,PB01,PB04
TX.PB01_TX.PB04,57.0,-0.1963660626441952,0.7967370141498519,PB01,PB04
TX.PB01_TX.PB04,61.0,-0.05217892243630292,0.835407997019652,PB01,PB04
TX.PB01_TX.PB04,65.0,-0.3289147344358384,0.8258005638017158,PB01,PB04
TX.PB01_TX.PB04,69.0,0.41121298514221327,0.8417050243049894,PB01,PB04
TX.PB01_TX.PB05,23.0,0.7060133084184907,0.7902485928374849,PB01,PB05
TX.PB01_TX.PB05,27.0,-0.35042792323898736,0.8330803101581163,PB01,PB05
TX.PB01_TX.PB05,31.0,1.0007417643140635,0.806803822169191,PB01,PB05
TX.PB01_TX.PB05,35.0,0.25128245227622886,0.8391322341358021,PB01,PB05
TX.PB01_TX.PB05,39.0,0.36767501442525047,0.7687949168390089,PB01,PB05
TX.PB01_TX.PB05,43.0,-0.31108681377579483,0.8596915902986365,PB01,PB05
TX.PB01_TX.PB05,47.0,0.001981178644299564,0.8185858665845782,PB01,PB05
TX.PB01_TX.PB05,51.0,-0.07464797199546223,0.8330490877853226,PB01,PB05
TX.PB01_TX.PB05,55.0,0.67492692712593,0.8221351284289565,PB01,PB05
TX.PB01_TX.PB05,59.0,-0.4783333609634284,0.8101887481985747,PB01,PB05
TX.PB01_TX.PB05,63.0,-0.5075802622669953,0.825689580231316,PB01,PB05
TX.PB01_TX.PB06,49.0,-0.5237484684184182,0.8261509862985461,PB01,PB06
TX.PB01_TX.PB06,53.0,-0.09189633375361232,0.8594891956300976,PB01,PB06
TX.PB01_TX.PB06,57.0,0.39762276960388104,0.7972562947346702,PB01,PB06
TX.PB01_TX.PB06,61.0,0.15270675634799805,0.8189655895368068,PB01,PB06
TX.PB01_TX.PB06,65.0,0.056840917453133626,0.8147798473199158,PB01,PB06
TX.PB01_TX.PB06,69.0,0.35806510527557023,0.8562985760043205,PB01,PB06
TX.PB01_TX.PB06,73.0,0.2502624904327822,0.8131151218972372,PB01,PB06
TX.PB01_TX.PB06,77.0,0.553086066970954,0.7346347235297653,PB01,PB06
TX.PB01_TX.PB06,81.0,0.05948212469641496,0.7973856497555687,PB01,PB06
TX.PB01_TX.PB06,85.0,0.1347894007795721,0.7674616848032421,PB01,PB06
TX.PB01_TX.PB06,89.0,0.32875019147885065,0.7828995775984352,PB01,PB06
TX.PB01_TX.PB07,37.0,-0.20596000043397225,0.8630553028583852,PB01,PB07
TX.PB01_TX.PB07,41.0,-0.111275613493268,0.8411003103565174,PB01,PB07
TX.PB01_TX.PB07,45.0,0.05651800132192088,0.824453392225524,PB01,PB07
TX.PB01_TX.PB07,49.0,0.049119495516832166,0.8231894354536757,PB01,PB07
TX.PB01_TX.PB07,53.0,-0.5506757024764144,0.7905840987111918,PB01,PB07
TX.PB01_TX.PB07,57.0,0.4981336403777628,0.7857380611797117,PB01,PB07
TX.PB01_TX.PB07,61.0,0.010716602781734036,0.8253418704712373,PB01,PB07
TX.PB01_TX.PB07,65.0,0.7918437821667295,0.7604282140270932,PB01,PB07
TX.PB01_TX.PB07,69.0,0.37314268570328857,0.8226950575343531,PB01,PB07
TX.PB01_TX.PB07,73.0,-0.2918644335573342,0.8346331997249915,PB01,PB07
TX.PB01_TX.PB07,77.0,0.06167103520028849,0.8150395483850531,PB01,PB07
TX.PB01_TX.PB08,43.0,0.41468271622320974,0.8360000801706998,PB01,PB08
TX.PB01_TX.PB08,47.0,-1.1360094557461908,0.774943487386242,PB01,PB08
TX.PB01_TX.PB08,51.0,0.17377927427630818,0.8200276194839519,PB01,PB08
TX.PB01_TX.PB08,55.0,-0.32163395893127694,0.8007325439600473,PB01,PB08
TX.PB01_TX.PB08,59.0,-0.3145876591432543,0.8198897149949412,PB01,PB08
TX.PB01_TX.PB08,63.0,-0.17185964213136906,0.8056348993076733,PB01,PB08
TX.PB01_TX.PB08,67.0,-0.016038860141572246,0.8643863381262589,PB01,PB08
TX.PB01_TX.PB08,71.0,0.17528716166744998,0.8426229613376434,PB01,PB08
TX.PB01_TX.PB08,75.0,-1.1234939652379563,0.8004673044083109,PB01,PB08
TX.PB01_TX.PB08,79.0,0.360318872278284,0.8119997020004884,PB01,PB08
TX.PB01_TX.PB08,83.0,0.18633802286125015,0.7898160969647362,PB01,PB08
TX.PB01_TX.PB10,21.0,-0.1489128777050514,0.8322139604694508,PB01,PB10
TX.PB01_TX.PB10,25.0,0.22648976136692983,0.8226311235228845,PB01,PB10
TX.PB01_TX.PB10,29.0,-0.14475564052122783,0.7571553183308517,PB01,PB10
TX.PB01_TX.PB10,33.0,-0.760755865994431,0.764268347549002,PB01,PB10
TX.PB01_TX.PB10,37.0,-0.10964423083575663,0.8057213547248365,PB01,PB10
TX.PB01_TX.PB10,41.0,-0.02137620140343784,0.7947883120827397,PB01,PB10
TX.PB01_TX.PB10,45.0,-0.6592768915151161,0.816641235369528,PB01,PB10
TX.PB01_TX.PB10,49.0,0.06554268536844833,0.8095437786637227,PB01,PB10
TX.PB01_TX.PB10,53.0,0.4714168827243865,0.823935819602984,PB01,PB10
TX.PB01_TX.PB10,57.0,-0.6746193619255286,0.8256816280772776,PB01,PB10
TX.PB01_TX.PB10,61.0,-0.26276741324342634,0.8171542764042522,PB01,PB10
TX.PB01_TX.PB12,19.0,0.05875515347135987,0.845698739297387,PB01,PB12
TX.PB01_TX.PB12,23.0,0.06827797687024484,0.8371795468192138,PB01,PB12
TX.PB01_TX.PB12,27.0,-0.6907583277993673,0.7847487739438019,PB01,PB12
TX.PB01_TX.PB12,31.0,0.588747937959446,0.8062614541376758,PB01,PB12
TX.PB01_TX.PB12,35.0,-0.72129575846191,0.7752409219141758,PB01,PB12
TX.PB01_TX.PB12,39.0,-0.18012939406715137,0.87319944851124,PB01,PB12
TX.PB01_TX.PB12,43.0,-0.23367966089866912,0.8437765327791635,PB01,PB12
TX.PB01_TX.PB12,47.0,0.21917420163249232,0.7883638139497661,PB01,PB12
TX.PB01_TX.PB12,51.0,0.14329285775201883,0.8275399139925501,PB01,PB12
TX.PB01_TX.PB12,55.0,0.39536154485051966,0.8006207469668176,PB01,PB12
TX.PB01_TX.PB12,59.0,0.036328265023728705,0.7904956751716797,PB01,PB12
TX.PB01_TX.PB14,33.0,0.09643317604785302,0.7906227836760426,PB01,PB14
TX.PB01_TX.PB14,37.0,0.0272219412942324,0.8084668908391183,PB01,PB14
TX.PB01_TX.PB14,41.0,-0.3734281611239856,0.8267384810593027,PB01,PB14
TX.PB01_TX.PB14,45.0,-0.14924275669120596,0.8060773013046728,PB01,PB14
TX.PB01_TX.PB14,49.0,-0.7318694153867671,0.8302759670575728,PB01,PB14
TX.PB01_TX.PB14,53.0,0.11954196816251351,0.8027038497280243,PB01,PB14
TX.PB01_TX.PB14,57.0,-0.4748382773803237,0.7955334491233331,PB01,PB14
TX.PB01_TX.PB14,61.0,-0.20906564857701307,0.823272432329687,PB01,PB14
TX.PB01_TX.PB14,65.0,0.6843146085111673,0.834440103138125,PB01,PB14
TX.PB01_TX.PB14,69.0,-0.5831663468745562,0.8432259093810291,PB01,PB14
TX.PB01_TX.PB14,73.0,0.23091454224557328,0.752781774461785,PB01,PB14
TX.PB01_TX.PB16,29.0,0.17151827062262703,0.8346839023486488,PB01,PB16
TX.PB01_TX.PB16,33.0,-0.3640853717916649,0.8163206878148154,PB01,PB16
TX.PB01_TX.PB16,37.0,0.7006879610732573,0.7906349541786254,PB01,PB16
TX.PB01_TX.PB16,41.0,-0.27835123296126435,0.8111192382046778,PB01,PB16
TX.PB01_TX.PB16,45.0,0.1493289695805584,0.8500620020909565,PB01,PB16
TX.PB01_TX.PB16,49.0,0.4017919960282076,0.8163310453811179,PB01,PB16
TX.PB01_TX.PB16,53.0,-0.6387720113511847,0.8189874245578989,PB01,PB16
TX.PB01_TX.PB16,57.0,0.2991867620134324,0.823617889346663,PB01,PB16
TX.PB01_TX.PB16,61.0,-0.18818623848104044,0.8247089087946937,PB01,PB16
TX.PB01_TX.PB16,65.0,-0.16040983297148156,0.7886683543491438,PB01,PB16
TX.PB01_TX.PB16,69.0,0.2471213971157296,0.8303510653129934,PB01,PB16
TX.PB01_TX.PB18,33.0,-0.04736843942459877,0.8397275240661329,PB01,PB18
TX.PB01_TX.PB18,37.0,-0.5582222400124329,0.8493139138595376,PB01,PB18
TX.PB01_TX.PB18,41.0,-0.25459675443909086,0.7701506094596092,PB01,PB18
TX.PB01_TX.PB18,45.0,-0.07451203814257523,0.7907131891743108,PB01,PB18
TX.PB01_TX.PB18,49.0,-0.4166765530808114,0.8105395417981143,PB01,PB18
TX.PB01_TX.PB18,53.0,-0.07681108472443998,0.801771473048038,PB01,PB18
TX.PB01_TX.PB18,57.0,0.550811307540191,0.866265277205841,PB01,PB18
TX.PB01_TX.PB18,61.0,0.15210038718744368,0.8207567706245766,PB01,PB18
TX.PB01_TX.PB18,65.0,-0.1599579549085586,0.8505052857652001,PB01,PB18
TX.PB01_TX.PB18,69.0,0.12176256711784994,0.8156067024833948,PB01,PB18
TX.PB01_TX.PB18,73.0,0.2842970911508797,0.8143728223234606,PB01,PB18
TX.PB01_TX.PB19,41.0,-0.9482018520096993,0.8034430057710313,PB01,PB19
TX.PB01_TX.PB19,45.0,-0.18366828057093876,0.8139439886457639,PB01,PB19
TX.PB01_TX.PB19,49.0,-0.027887689610732656,0.7660711663907166,PB01,PB19
TX.PB01_TX.PB19,53.0,-0.3083744093116462,0.8159058344087864,PB01,PB19
TX.PB01_TX.PB19,57.0,-1.257604432848654,0.7786496927713294,PB01,PB19
TX.PB01_TX.PB19,61.0,0.08995071833284414,0.8051891722820331,PB01,PB19
TX.PB01_TX.PB19,65.0,-0.3432001694033337,0.8444635909704294,PB01,PB19
TX.PB01_TX.PB19,69.0,0.43455465244684166,0.7827995255516573,PB01,PB19
TX.PB01_TX.PB19,73.0,-0.8907670708414052,0.8286137156800928,PB01,PB19
TX.PB01_TX.PB19,77.0,-0.820827575615984,0.8099954141454682,PB01,PB19
TX.PB01_TX.PB19,81.0,0.4540835891196463,0.7830600971430358,PB01,PB19
TX.PB01_TX.PB21,43.0,0.14390341787063418,0.8466201630906278,PB01,PB21
TX.PB01_TX.PB21,47.0,0.09692176566022194,0.8321834991964044,PB01,PB21
TX.PB01_TX.PB21,51.0,0.09390102870601258,0.8476487788265124,PB01,PB21
TX.PB01_TX.PB21,55.0,-0.4434623357556056,0.7808187107237174,PB01,PB21
TX.PB01_TX.PB21,59.0,1.2251920227434583,0.7806907568549609,PB01,PB21
TX.PB01_TX.PB21,63.0,-0.7743529579029153,0.8275962927204153,PB01,PB21
TX.PB01_TX.PB21,67.0,-0.02865087308029257,0.8597769434696982,PB01,PB21
TX.PB01_TX.PB21,71.0,-0.15345108565777227,0.7945913787992352,PB01,PB21
TX.PB01_TX.PB21,75.0,-0.9102733198137478,0.830644741961687,PB01,PB21
TX.PB01_TX.PB21,79.0,-0.33178126833197186,0.8431405894412666,PB01,PB21
TX.PB01_TX.PB21,83.0,-0.45807221248937674,0.8019339081851475,PB01,PB21
TX.PB01_TX.PCOS,31.0,0.5481653558608574,0.7912236175246146,PB01,PCOS
TX.PB01_TX.PCOS,35.0,-0.5050031905762364,0.8126141810373645,PB01,PCOS
TX.PB01_TX.PCOS,39.0,0.7967858903517907,0.742782272402436,PB01,PCOS
TX.PB01_TX.PCOS,43.0,0.5594413161870088,0.8604295335120414,PB01,PCOS
TX.PB01_TX.PCOS,47.0,-0.46627184474145456,0.7838765046950782,PB01,PCOS
TX.PB01_TX.PCOS,51.0,-0.1408517524152644,0.79891775538668,PB01,PCOS
TX.PB01_TX.PCOS,55.0,0.3302754860646436,0.8550554440920317,PB01,PCOS
TX.PB01_TX.PCOS,59.0,0.04249647470592149,0.8098752736332319,PB01,PCOS
TX.PB01_TX.PCOS,63.0,-0.2993404713668475,0.835100437027845,PB01,PCOS
TX.PB01_TX.PCOS,67.0,0.449842203634386,0.8170202983028707,PB01,PCOS
TX.PB01_TX.PCOS,71.0,-0.4139070917359454,0.8140436971038986,PB01,PCOS
TX.PB01_TX.PECS,27.0,-0.7732380138547956,0.7746845815118435,PB01,PECS
TX.PB01_TX.PECS,31.0,0.1971292361458505,0.8112077858353267,PB01,PECS
TX.PB01_TX.PECS,35.0,0.026408947936001792,0.8164542939078371,PB01,PECS
TX.PB01_TX.PECS,39.0,0.28694879775148924,0.8017943618579016,PB01,PECS
TX.PB01_TX.PECS,43.0,-0.31402087928721817,0.8173062482024759,PB01,PECS
TX.PB01_TX.PECS,47.0,-0.2377717494769056,0.841575359835594,PB01,PECS
TX.PB01_TX.PECS,51.0,-0.4810090845590513,0.8072289775222464,PB01,PECS
TX.PB01_TX.PECS,55.0,0.49346582235116954,0.8348711128708179,PB01,PECS
TX.PB01_TX.PECS,59.0,-0.032645841908310345,0.8178022627329214,PB01,PECS
TX.PB01_TX.PECS,63.0,0.33263208297344654,0.7895103750752416,PB01,PECS
TX.PB01_TX.PECS,67.0,-0.316290068341568,0.7996584205243156,PB01,PECS
TX.PB03_TX.PB04,15.0,-0.3940212611578892,0.8114121126442454,PB03,PB04
TX.PB03_TX.PB04,19.0,-0.15014173652671448,0.830866317877279,PB03,PB04
TX.PB03_TX.PB04,23.0,0.07965219495515438,0.803706429121985,PB03,PB04
TX.PB03_TX.PB04,27.0,-0.8103344896019301,0.8181399919686994,PB03,PB04
TX.PB03_TX.PB04,31.0,0.01054863265967474,0.8146407017737364,PB03,PB04
TX.PB03_TX.PB04,35.0,0.20126607829447257,0.8155379555055277,PB03,PB04
TX.PB03_TX.PB04,39.0,0.04864522388620682,0.8253569749450976,PB03,PB04
TX.PB03_TX.PB04,43.0,0.33676949590799093,0.7671982529196764,PB03,PB04
TX.PB03_TX.PB04,47.0,-0.1638100114465982,0.785521879625709,PB03,PB04
TX.PB03_TX.PB04,51.0,0.21975997973280567,0.8279866030755617,PB03,PB04
TX.PB03_TX.PB04,55.0,-0.2760178157779927,0.8126750914954691,PB03,PB04
TX.PB03_TX.PB05,15.0,-0.2030032890092944,0.8352468354003395,PB03,PB05
TX.PB03_TX.PB05,19.0,0.6488426750852088,0.805440425868568,PB03,PB05
TX.PB03_TX.PB05,23.0,-0.21032650275040624,0.7616882596866578,PB03,PB05
TX.PB03_TX.PB05,27.0,0.5093513606313933,0.8510639435216231,PB03,PB05
TX.PB03_TX.PB05,31.0,0.5920743414176688,0.842031968566822,PB03,PB05
TX.PB03_TX.PB05,35.0,0.3469645623780241,0.8114746728083757,PB03,PB05
TX.PB03_TX.PB05,39.0,1.1056914952889756,0.7811414508650946,PB03,PB05
TX.PB03_TX.PB05,43.0,0.2875161920422128,0.8096770321970295,PB03,PB05
TX.PB03_TX.PB05,47.0,-0.7153489821296479,0.8373218958276862,PB03,PB05
TX.PB03_TX.PB05,51.0,0.019850949104532487,0.750706805703639,PB03,PB05
TX.PB03_TX.PB05,55.0,-0.34059408932973206,0.7946943407189454,PB03,PB05
TX.PB03_TX.PB06,37.0,0.6588236189105794,0.8414417038081465,PB03,PB06
TX.PB03_TX.PB06,41.0,0.2165493604394882,0.8209241906864794,PB03,PB06
TX.PB03_TX.PB06,45.0,0.4673708065006824,0.8394824233921283,PB03,PB06
TX.PB03_TX.PB06,49.0,-0.46385351308740647,0.8334989287421141,PB03,PB06
TX.PB03_TX.PB06,53.0,0.04974462076883796,0.7860777219127257,PB03,PB06
TX.PB03_TX.PB06,57.0,0.6478818559229684,0.804919579396276,PB03,PB06
TX.PB03_TX.PB06,61.0,0.10230925301175704,0.7887324126745288,PB03,PB06
TX.PB03_TX.PB06,65.0,-0.32616212265972827,0.8589992468425499,PB03,PB06
TX.PB03_TX.PB06,69.0,0.07581795946189274,0.8444220793403153,PB03,PB06
TX.PB03_TX.PB06,73.0,0.6681097945294757,0.8094859885167118,PB03,PB06
TX.PB03_TX.PB06,77.0,-0.7435694757283997,0.8073603141955559,PB03,PB06
TX.PB03_TX.PB07,31.0,0.7021121571506608,0.8142047407655952,PB03,PB07
TX.PB03_TX.PB07,35.0,-0.13528071239435363,0.804147501378801,PB03,PB07
TX.PB03_TX.PB07,39.0,-0.2905477341794195,0.8481700131964064,PB03,PB07
TX.PB03_TX.PB07,43.0,0.642608805565524,0.7758284631137181,PB03,PB07
TX.PB03_TX.PB07,47.0,0.3642307331368705,0.8270037515363665,PB03,PB07
TX.PB03_TX.PB07,51.0,0.018744032065725648,0.8048231338867547,PB03,PB07
TX.PB03_TX.PB07,55.0,0.3318073497890574,0.8227082149303696,PB03,PB07
TX.PB03_TX.PB07,59.0,-0.5164806642964956,0.8298432239225678,PB03,PB07
TX.PB03_TX.PB07,63.0,-0.4529092732826551,0.7664290647714722,PB03,PB07
TX.PB03_TX.PB07,67.0,0.2476856831660545,0.8244854868882638,PB03,PB07
TX.PB03_TX.PB07,71.0,-0.23412151389095193,0.8354045579345503,PB03,PB07
TX.PB03_TX.PB08,33.0,-0.21406408516089767,0.8205169890025144,PB03,PB08
TX.PB03_TX.PB08,37.0,0.5034258961878744,0.8281741698547241,PB03,PB08
TX.PB03_TX.PB08,41.0,0.010228599740072864,0.8515898603701891,PB03,PB08
TX.PB03_TX.PB08,45.0,-0.24887289991034672,0.7700071556537653,PB03,PB08
TX.PB03_TX.PB08,49.0,-0.2903945072330124,0.7774824057426306,PB03,PB08
TX.PB03_TX.PB08,53.0,0.229130989678789,0.7235792476272926,PB03,PB08
TX.PB03_TX.PB08,57.0,-0.3887874087568677,0.8285857514030387,PB03,PB08
TX.PB03_TX.PB08,61.0,-0.015512533338707167,0.8413250081763641,PB03,PB08
TX.PB03_TX.PB08,65.0,-0.8639221380179158,0.8156162094336,PB03,PB08
TX.PB03_TX.PB08,69.0,0.04577505856062556,0.8257532105162033,PB03,PB08
TX.PB03_TX.PB08,73.0,0.3868604420501435,0.8227627281945952,PB03,PB08
TX.PB03_TX.PB10,17.0,-0.29913775508968243,0.7876358600682134,PB03,PB10
TX.PB03_TX.PB10,21.0,0.34660744164322327,0.8220504196342711,PB03,PB10
TX.PB03_TX.PB10,25.0,-0.14527829929047564,0.8225988393283294,PB03,PB10
TX.PB03_TX.PB10,29.0,0.33518408001049854,0.8492742756895125,PB03,PB10
TX.PB03_TX.PB10,33.0,-0.015517475746855722,0.8007339704412083,PB03,PB10
TX.PB03_TX.PB10,37.0,1.2944728730785284,0.7678301343644232,PB03,PB10
TX.PB03_TX.PB10,41.0,0.0487203461410168,0.8360956396722203,PB03,PB10
TX.PB03_TX.PB10,45.0,-0.24664339929597628,0.7518044179922794,PB03,PB10
TX.PB03_TX.PB10,49.0,-0.6810995111527042,0.7873737798531768,PB03,PB10
TX.PB03_TX.PB10,53.0,0.5058742774494038,0.8413684671209172,PB03,PB10
TX.PB03_TX.PB10,57.0,0.26247887741176906,0.7931834586891293,PB03,PB10
TX.PB03_TX.PB12,25.0,-0.34849843256562596,0.7850061564684323,PB03,PB12
TX.PB03_TX.PB12,29.0,0.29255006740154754,0.8058729655605069,PB03,PB12
TX.PB03_TX.PB12,33.0,-0.4141387877957951,0.8076362183915998,PB03,PB12
TX.PB03_TX.PB12,37.0,0.17240589168802056,0.8674537269358494,PB03,PB12
TX.PB03_TX.PB12,41.0,-0.4785746599215448,0.8020564436308867,PB03,PB12
TX.PB03_TX.PB12,45.0,-0.00317214872407294,0.8384185424211494,PB03,PB12
TX.PB03_TX.PB12,49.0,-1.7227713217797345,0.755406878547982,PB03,PB12
TX.PB03_TX.PB12,53.0,0.7918149672349651,0.8001711749888916,PB03,PB12
TX.PB03_TX.PB12,57.0,-0.1966145035844868,0.7390059794008977,PB03,PB12
TX.PB03_TX.PB12,61.0,-0.04919960853428489,0.7818143652756218,PB03,PB12
TX.PB03_TX.PB12,65.0,0.4666626276640309,0.8717217131032048,PB03,PB12
TX.PB03_TX.PB14,19.0,-0.265977656642122,0.7906676208233978,PB03,PB14
TX.PB03_TX.PB14,23.0,0.1766334411427848,0.8193017524590002,PB03,PB14
TX.PB03_TX.PB14,27.0,0.9009548388554797,0.7947498241372326,PB03,PB14
TX.PB03_TX.PB14,31.0,0.4846226530268869,0.8222979942606174,PB03,PB14
TX.PB03_TX.PB14,35.0,0.08205666870932361,0.7980515350782419,PB03,PB14
TX.PB03_TX.PB14,39.0,0.34319418585355166,0.8160739694311193,PB03,PB14
TX.PB03_TX.PB14,43.0,0.9500494375738671,0.831784878871586,PB03,PB14
TX.PB03_TX.PB14,47.0,-0.36328301226474846,0.8160010192282432,PB03,PB14
TX.PB03_TX.PB14,51.0,0.025599275796471824,0.7351438105828677,PB03,PB14
TX.PB03_TX.PB14,55.0,-0.5801720912978697,0.8308501485361939,PB03,PB14
TX.PB03_TX.PB14,59.0,0.08781916587361373,0.7498502987552502,PB03,PB14
TX.PB03_TX.PB16,15.0,0.3801194561399,0.8664719888662032,PB03,PB16
TX.PB03_TX.PB16,19.0,-0.3554960463649039,0.8338321261641078,PB03,PB16
TX.PB03_TX.PB16,23.0,-0.4757827980359,0.8398445934338321,PB03,PB16
TX.PB03_TX.PB16,27.0,0.3383605628492992,0.8220402124371432,PB03,PB16
TX.PB03_TX.PB16,31.0,0.8712093529531971,0.7105735780789931,PB03,PB16
TX.PB03_TX.PB16,35.0,0.5985886306048591,0.8113317059086329,PB03,PB16
TX.PB03_TX.PB16,39.0,-0.2803122783967716,0.8186075842680498,PB03,PB16
TX.PB03_TX.PB16,43.0,0.04305281741705448,0.8184957251449603,PB03,PB16
TX.PB03_TX.PB16,47.0,0.05914412107754216,0.8171705841993682,PB03,PB16
TX.PB03_TX.PB16,51.0,-0.09032712588192576,0.8388258548257084,PB03,PB16
TX.PB03_TX.PB16,55.0,-0.5497816621866385,0.8041388082495446,PB03,PB16
TX.PB03_TX.PB18,19.0,-0.2952330558413288,0.8911239211117534,PB03,PB18
TX.PB03_TX.PB18,23.0,0.9228255789403991,0.8148228051046458,PB03,PB18
TX.PB03_TX.PB18,27.0,0.018864214188105122,0.8301624608351459,PB03,PB18
TX.PB03_TX.PB18,31.0,-0.26377599263285967,0.8541853156779897,PB03,PB18
TX.PB03_TX.PB18,35.0,0.2616811251848987,0.8008975240946574,PB03,PB18
TX.PB03_TX.PB18,39.0,0.6783791837106121,0.7898548295063426,PB03,PB18
TX.PB03_TX.PB18,43.0,-0.6945938836090947,0.7647604817335235,PB03,PB18
TX.PB03_TX.PB18,47.0,0.8153075692662144,0.8114835769734954,PB03,PB18
TX.PB03_TX.PB18,51.0,-0.3769600116541876,0.8571598903771309,PB03,PB18
TX.PB03_TX.PB18,55.0,-0.6503548928828663,0.7951605787634699,PB03,PB18
TX.PB03_TX.PB18,59.0,-0.30035326059886064,0.8200645963087053,PB03,PB18
TX.PB03_TX.PB19,25.0,0.3060631479915964,0.8072963343796522,PB03,PB19
TX.PB03_TX.PB19,29.0,-0.0027954956540486207,0.7857357682961494,PB03,PB19
TX.PB03_TX.PB19,33.0,0.04148506884606114,0.7828557186689787,PB03,PB19
TX.PB03_TX.PB19,37.0,-0.2762338990757494,0.8037953412820164,PB03,PB19
TX.PB03_TX.PB19,41.0,0.6633687784496836,0.7931248766649122,PB03,PB19
TX.PB03_TX.PB19,45.0,-0.2521893317962995,0.7391691457093118,PB03,PB19
TX.PB03_TX.PB19,49.0,-0.10794396135547828,0.8031375139240803,PB03,PB19
TX.PB03_TX.PB19,53.0,0.3137049820050034,0.7792333700233544,PB03,PB19
TX.PB03_TX.PB19,57.0,-0.3288342475087741,0.848637752760468,PB03,PB19
TX.PB03_TX.PB19,61.0,0.1520430736193363,0.8270162792782163,PB03,PB19
TX.PB03_TX.PB19,65.0,-0.4109904072259708,0.834429112505937,PB03,PB19
TX.PB03_TX.PB21,27.0,0.2946950131221466,0.8311524545911794,PB03,PB21
TX.PB03_TX.PB21,31.0,-0.5292602250890193,0.8056448900926442,PB03,PB21
TX.PB03_TX.PB21,35.0,-0.28205003675241147,0.825771212485732,PB03,PB21
TX.PB03_TX.PB21,39.0,-0.0678590929799035,0.8112944819186758,PB03,PB21
TX.PB03_TX.PB21,43.0,1.0958615760475328,0.7990960888336625,PB03,PB21
TX.PB03_TX.PB21,47.0,-0.2507162848992924,0.8168101303517066,PB03,PB21
TX.PB03_TX.PB21,51.0,0.5944102830515939,0.7323019785877946,PB03,PB21
TX.PB03_TX.PB21,55.0,0.3054059421799557,0.8073693127939625,PB03,PB21
TX.PB03_TX.PB21,59.0,-0.05056657854291567,0.8459714533981867,PB03,PB21
TX.PB03_TX.PB21,63.0,0.0455262762689805,0.7919315960907619,PB03,PB21
TX.PB03_TX.PB21,67.0,-0.6875951606088602,0.8498587853102605,PB03,PB21
TX.PB03_TX.PCOS,21.0,0.19313729237977967,0.793708387281773,PB03,PCOS
TX.PB03_TX.PCOS,25.0,-0.17317741946753085,0.8349756350174458,PB03,PCOS
TX.PB03_TX.PCOS,29.0,-0.1728766612307767,0.7842325036873442,PB03,PCOS
TX.PB03_TX.PCOS,33.0,0.3828966619570272,0.7596407964362234,PB03,PCOS
TX.PB03_TX.PCOS,37.0,-0.14912243624810345,0.8651209677407667,PB03,PCOS
TX.PB03_TX.PCOS,41.0,-0.10876743756733068,0.7999878783552334,PB03,PCOS
TX.PB03_TX.PCOS,45.0,0.1096685068381788,0.8395406080121633,PB03,PCOS
TX.PB03_TX.PCOS,49.0,-0.4855902236077538,0.7946087731934115,PB03,PCOS
TX.PB03_TX.PCOS,53.0,0.1267749695944649,0.7996911722283949,PB03,PCOS
TX.PB03_TX.PCOS,57.0,-0.4214024225475642,0.7994480383689425,PB03,PCOS
TX.PB03_TX.PCOS,61.0,0.43992750708826983,0.8073863694106443,PB03,PCOS
TX.PB03_TX.PECS,25.0,-0.8156010867361699,0.7825668043319057,PB03,PECS
TX.PB03_TX.PECS,29.0,0.10459876426036788,0.8065400688405526,PB03,PECS
TX.PB03_TX.PECS,33.0,-0.8497969970904631,0.8206367186292038,PB03,PECS
TX.PB03_TX.PECS,37.0,-0.0034774243294602328,0.8581157933909785,PB03,PECS
TX.PB03_TX.PECS,41.0,-0.7259430546415526,0.8121921610949323,PB03,PECS
TX.PB03_TX.PECS,45.0,1.0857805195492667,0.7903026654223475,PB03,PECS
TX.PB03_TX.PECS,49.0,-0.2032430137948298,0.8780326547771402,PB03,PECS
TX.PB03_TX.PECS,53.0,-0.3297851432678988,0.8752003704953369,PB03,PECS
TX.PB03_TX.PECS,57.0,-0.027030613876534083,0.7305936496748929,PB03,PECS
TX.PB03_TX.PECS,61.0,0.01776223676072125,0.7876552470204582,PB03,PECS
TX.PB03_TX.PECS,65.0,0.28857982639517266,0.8266544797138969,PB03,PECS
TX.PB04_TX.PB05,17.0,0.5548060004875832,0.8474389690588316,PB04,PB05
TX.PB04_TX.PB05,21.0,-0.24333243913031835,0.8092844753194358,PB04,PB05
TX.PB04_TX.PB05,25.0,0.144148644285069,0.8135798516891245,PB04,PB05
TX.PB04_TX.PB05,29.0,-0.512256024363656,0.8060512158197228,PB04,PB05
TX.PB04_TX.PB05,33.0,0.14336644013950323,0.8416508450526483,PB04,PB05
TX.PB04_TX.PB05,37.0,-0.21898127620964267,0.7833674386578093,PB04,PB05
TX.PB04_TX.PB05,41.0,-0.4103492231898572,0.8000735742921632,PB04,PB05
TX.PB04_TX.PB05,45.0,0.15851875606626437,0.8410807117934318,PB04,PB05
TX.PB04_TX.PB05,49.0,-0.3500368250144627,0.7763930571182589,PB04,PB05
TX.PB04_TX.PB05,53.0,0.104549192373261,0.8617967117829209,PB04,PB05
TX.PB04_TX.PB05,57.0,0.30289902620865017,0.8485049768501362,PB04,PB05
TX.PB04_TX.PB06,27.0,-0.28810632270376313,0.7786711311461111,PB04,PB06
TX.PB04_TX.PB06,31.0,-0.08416790686779857,0.8016940895536276,PB04,PB06
TX.PB04_TX.PB06,35.0,0.29483737733950915,0.779519198905445,PB04,PB06
TX.PB04_TX.PB06,39.0,0.5668122069136393,0.7672994838420848,PB04,PB06
TX.PB04_TX.PB06,43.0,0.5376177475698605,0.8168836463977724,PB04,PB06
TX.PB04_TX.PB06,47.0,-0.3428492914749925,0.819104552038785,PB04,PB06
TX.PB04_TX.PB06,51.0,-0.1657909679636846,0.8312428668790031,PB04,PB06
TX.PB04_TX.PB06,55.0,0.14930340471162437,0.8156194408414602,PB04,PB06
TX.PB04_TX.PB06,59.0,1.2920373093933335,0.8059528203929398,PB04,PB06
TX.PB04_TX.PB06,63.0,-0.06293904396807477,0.8269946361720102,PB04,PB06
TX.PB04_TX.PB06,67.0,-0.7408404172070504,0.773867883838306,PB04,PB06
TX.PB04_TX.PB07,31.0,0.9332432216272348,0.8137634283375229,PB04,PB07
TX.PB04_TX.PB07,35.0,-0.22860454081315248,0.7637195367532,PB04,PB07
TX.PB04_TX.PB07,39.0,-0.1733292717020949,0.8291974844051602,PB04,PB07
TX.PB04_TX.PB07,43.0,0.3248539313429739,0.8376052651745158,PB04,PB07
TX.PB04_TX.PB07,47.0,0.10079872140579824,0.8339833326336411,PB04,PB07
TX.PB04_TX.PB07,51.0,0.4309152732852273,0.8225698197409959,PB04,PB07
TX.PB04_TX.PB07,55.0,-0.1157486837124796,0.7723013318712307,PB04,PB07
TX.PB04_TX.PB07,59.0,0.2925162029006532,0.836335287783324,PB04,PB07
TX.PB04_TX.PB07,63.0,0.04710203291824675,0.8228391517855245,PB04,PB07
TX.PB04_TX.PB07,67.0,0.4420662263499954,0.7973918532391333,PB04,PB07
TX.PB04_TX.PB07,71.0,-0.7408836963925967,0.7639327721124942,PB04,PB07
TX.PB04_TX.PB08,25.0,0.5238651289044959,0.7868601775448392,PB04,PB08
TX.PB04_TX.PB08,29.0,-0.2853019002181166,0.8022815828887406,PB04,PB08
TX.PB04_TX.PB08,33.0,0.05826396752535885,0.8236201311909933,PB04,PB08
TX.PB04_TX.PB08,37.0,0.8327868941564813,0.7758348707119952,PB04,PB08
TX.PB04_TX.PB08,41.0,0.24345993187206075,0.8032452146207406,PB04,PB08
TX.PB04_TX.PB08,45.0,-0.03264303604000772,0.8654600432614654,PB04,PB08
TX.PB04_TX.PB08,49.0,-0.7380768258305965,0.7802665211695254,PB04,PB08
TX.PB04_TX.PB08,53.0,0.40880204490699945,0.8400100253200614,PB04,PB08
TX.PB04_TX.PB08,57.0,-0.5848884988712225,0.8479269551502711,PB04,PB08
TX.PB04_TX.PB08,61.0,-0.5509851939569462,0.8088526891458464,PB04,PB08
TX.PB04_TX.PB08,65.0,-0.2664148211791758,0.78337808851824,PB04,PB08
TX.PB04_TX.PB10,25.0,0.1897350016872613,0.8436591289035248,PB04,PB10
TX.PB04_TX.PB10,29.0,-0.36997950094634113,0.8035752758058878,PB04,PB10
TX.PB04_TX.PB10,33.0,0.05406469071470688,0.8078577158917409,PB04,PB10
TX.PB04_TX.PB10,37.0,0.7889015259648605,0.8293134960922035,PB04,PB10
TX.PB04_TX.PB10,41.0,0.0709550282121664,0.8324011893639485,PB04,PB10
TX.PB04_TX.PB10,45.0,0.18197107358826745,0.7504722338912113,PB04,PB10
TX.PB04_TX.PB10,49.0,-0.2582071198603118,0.7511111128073592,PB04,PB10
TX.PB04_TX.PB10,53.0,-0.2302066906850644,0.8053291974871681,PB04,PB10
TX.PB04_TX.PB10,57.0,-0.7888867806249914,0.8195999348713563,PB04,PB10
TX.PB04_TX.PB10,61.0,-0.6534404790727025,0.8455874514128084,PB04,PB10
TX.PB04_TX.PB10,65.0,-0.7808426265213932,0.7999857249499669,PB04,PB10
TX.PB04_TX.PB12,35.0,-1.0795206892600429,0.8186137516024483,PB04,PB12
TX.PB04_TX.PB12,39.0,0.06903198813974429,0.8148077406185602,PB04,PB12
TX.PB04_TX.PB12,43.0,-0.32094853910630183,0.7990912156554068,PB04,PB12
TX.PB04_TX.PB12,47.0,-0.28496632073911293,0.8282229755434403,PB04,PB12
TX.PB04_TX.PB12,51.0,-0.4223134192919365,0.8210371929204237,PB04,PB12
TX.PB04_TX.PB12,55.0,1.0096914907764631,0.7951943976746134,PB04,PB12
TX.PB04_TX.PB12,59.0,-0.5666292754391908,0.7869880641800167,PB04,PB12
TX.PB04_TX.PB12,63.0,0.5799842220065421,0.8070747780295422,PB04,PB12
TX.PB04_TX.PB12,67.0,0.0004349071087791492,0.7315686118937966,PB04,PB12
TX.PB04_TX.PB12,71.0,0.1221978033374362,0.8076384078452915,PB04,PB12
TX.PB04_TX.PB12,75.0,0.4201932938440729,0.8205679568260169,PB04,PB12
TX.PB04_TX.PB14,9.0,-0.30068497512817216,0.8145446869793129,PB04,PB14
TX.PB04_TX.PB14,13.0,-0.008417631651049745,0.8252405584290678,PB04,PB14
TX.PB04_TX.PB14,17.0,-0.7426852666055715,0.8570561685417075,PB04,PB14
TX.PB04_TX.PB14,21.0,-0.031952381576963035,0.86665390762166,PB04,PB14
TX.PB04_TX.PB14,25.0,0.35889567931139704,0.7831444807959226,PB04,PB14
TX.PB04_TX.PB14,29.0,0.7380892624547896,0.7741918190875056,PB04,PB14
TX.PB04_TX.PB14,33.0,-0.31736898737646624,0.8037722944465309,PB04,PB14
TX.PB04_TX.PB14,37.0,-0.42246842634739423,0.8067500972318702,PB04,PB14
TX.PB04_TX.PB14,41.0,0.936372953625196,0.8323205218300793,PB04,PB14
TX.PB04_TX.PB14,45.0,-0.7442735547669527,0.820748481550955,PB04,PB14
TX.PB04_TX.PB14,49.0,-0.40925563380331664,0.7916927337358195,PB04,PB14
TX.PB04_TX.PB16,5.0,0.2834535356991716,0.8667508515025808,PB04,PB16
TX.PB04_TX.PB16,9.0,0.020668387418417748,0.7930218458810968,PB04,PB16
TX.PB04_TX.PB16,13.0,0.1219636172092596,0.827509846104427,PB04,PB16
TX.PB04_TX.PB16,17.0,0.48974341388810794,0.7770583354350341,PB04,PB16
TX.PB04_TX.PB16,21.0,-0.0403435262215324,0.7886789470069145,PB04,PB16
TX.PB04_TX.PB16,25.0,0.5925102535619916,0.8358524448236011,PB04,PB16
TX.PB04_TX.PB16,29.0,-0.3039834538265992,0.7720733796500558,PB04,PB16
TX.PB04_TX.PB16,33.0,-0.22819062403553908,0.8339735891420215,PB04,PB16
TX.PB04_TX.PB16,37.0,0.2286064952247421,0.8262393376748195,PB04,PB16
TX.PB04_TX.PB16,41.0,0.03976704320514365,0.8544177158731134,PB04,PB16
TX.PB04_TX.PB16,45.0,0.1437029544619435,0.8328097035129397,PB04,PB16
TX.PB04_TX.PB18,5.0,-0.4935109309888511,0.8255034515911897,PB04,PB18
TX.PB04_TX.PB18,9.0,0.9111793086643466,0.8266116289107223,PB04,PB18
TX.PB04_TX.PB18,13.0,0.7478961693125062,0.8024152018231047,PB04,PB18
TX.PB04_TX.PB18,17.0,0.13789389262640847,0.8171927672707686,PB04,PB18
TX.PB04_TX.PB18,21.0,0.2361011982570802,0.7752648977684382,PB04,PB18
TX.PB04_TX.PB18,25.0,-0.17595794343091503,0.7985602981824984,PB04,PB18
TX.PB04_TX.PB18,29.0,0.4421209972264373,0.7971115141928095,PB04,PB18
TX.PB04_TX.PB18,33.0,-0.7838070908410952,0.7471498405585504,PB04,PB18
TX.PB04_TX.PB18,37.0,-0.3448176043802466,0.8232107254246702,PB04,PB18
TX.PB04_TX.PB18,41.0,0.06391109116707323,0.8108841786231683,PB04,PB18
TX.PB04_TX.PB18,45.0,-0.6999495497998879,0.7783699258053731,PB04,PB18
TX.PB04_TX.PB19,13.0,0.1026718207792424,0.8556492045955446,PB04,PB19
TX.PB04_TX.PB19,17.0,0.4388316294981049,0.8368443693380477,PB04,PB19
TX.PB04_TX.PB19,21.0,0.0033852938232700933,0.7665764322244707,PB04,PB19
TX.PB04_TX.PB19,25.0,0.2948386283820901,0.8424953537728713,PB04,PB19
TX.PB04_TX.PB19,29.0,-0.025890985872891143,0.7776642243061284,PB04,PB19
TX.PB04_TX.PB19,33.0,-0.6498239771032113,0.8297156424339862,PB04,PB19
TX.PB04_TX.PB19,37.0,1.093629412757746,0.8097660265445945,PB04,PB19
TX.PB04_TX.PB19,41.0,-0.5668007891613053,0.808350663620566,PB04,PB19
TX.PB04_TX.PB19,45.0,-0.062017519622511744,0.8214866650832755,PB04,PB19
TX.PB04_TX.PB19,49.0,0.3963817306368439,0.8213115345085259,PB04,PB19
TX.PB04_TX.PB19,53.0,-0.8171199179436995,0.7983775226714666,PB04,PB19
TX.PB04_TX.PB21,15.0,-0.3394675536135827,0.8187693544107864,PB04,PB21
TX.PB04_TX.PB21,19.0,0.09805452398105592,0.823801687197714,PB04,PB21
TX.PB04_TX.PB21,23.0,-0.15086285253630147,0.7869598506206212,PB04,PB21
TX.PB04_TX.PB21,27.0,-0.7834165140167778,0.8140557331999329,PB04,PB21
TX.PB04_TX.PB21,31.0,0.2295643264190783,0.86397848187464,PB04,PB21
TX.PB04_TX.PB21,35.0,-0.28858200642622495,0.7972869326157409,PB04,PB21
TX.PB04_TX.PB21,39.0,-0.1750295632545567,0.7900094266360994,PB04,PB21
TX.PB04_TX.PB21,43.0,0.872545561683871,0.8042814605966243,PB04,PB21
TX.PB04_TX.PB21,47.0,-0.9297262873339974,0.7853572874440943,PB04,PB21
TX.PB04_TX.PB21,51.0,-0.27153729898098566,0.8559055194276362,PB04,PB21
TX.PB04_TX.PB21,55.0,-0.534930453223479,0.8181707823668464,PB04,PB21
TX.PB04_TX.PCOS,19.0,-0.010391997982464691,0.83535913078016,PB04,PCOS
TX.PB04_TX.PCOS,23.0,0.5104798882283683,0.8227639452963875,PB04,PCOS
TX.PB04_TX.PCOS,27.0,0.3844036841592853,0.8611644033206096,PB04,PCOS
TX.PB04_TX.PCOS,31.0,0.3528850539669581,0.8241262172757088,PB04,PCOS
TX.PB04_TX.PCOS,35.0,-0.3246388656674272,0.8281580165079893,PB04,PCOS
TX.PB04_TX.PCOS,39.0,-0.00833804079651739,0.8244193984206006,PB04,PCOS
TX.PB04_TX.PCOS,43.0,-0.6427188199270267,0.748940269423476,PB04,PCOS
TX.PB04_TX.PCOS,47.0,0.8088824672348659,0.8453658471179191,PB04,PCOS
TX.PB04_TX.PCOS,51.0,-0.25098513339263373,0.8187050145762339,PB04,PCOS
TX.PB04_TX.PCOS,55.0,0.28250830913728403,0.7868799952507906,PB04,PCOS
TX.PB04_TX.PCOS,59.0,0.3279590546614593,0.8140198108748291,PB04,PCOS
TX.PB04_TX.PECS,33.0,-0.40386932749195453,0.7820895175604774,PB04,PECS
TX.PB04_TX.PECS,37.0,0.3749041067204113,0.8363869203159926,PB04,PECS
TX.PB04_TX.PECS,41.0,-0.15825988034235755,0.8901486400852,PB04,PECS
TX.PB04_TX.PECS,45.0,0.4456521384580304,0.8544097743693884,PB04,PECS
TX.PB04_TX.PECS,49.0,-0.7898069923405203,0.8112226261950499,PB04,PECS
TX.PB04_TX.PECS,53.0,0.09585658874722768,0.8603709676124776,PB04,PECS
TX.PB04_TX.PECS,57.0,-0.0011114528796112566,0.7682120521947182,PB04,PECS
TX.PB04_TX.PECS,61.0,-0.267674212038312,0.849508752851786,PB04,PECS
TX.PB04_TX.PECS,65.0,-0.9511520074410796,0.8186305206992179,PB04,PECS
TX.PB04_TX.PECS,69.0,0.5702986067419812,0.8278723907164409,PB04,PECS
TX.PB04_TX.PECS,73.0,0.017577183367736483,0.8359978916532885,PB04,PECS
TX.PB05_TX.PB06,43.0,-0.8092181851988836,0.8030361385984484,PB05,PB06
TX.PB05_TX.PB06,47.0,-0.542128709115956,0.8091177977739454,PB05,PB06
TX.PB05_TX.PB06,51.0,0.053947530111184736,0.7990046727596531,PB05,PB06
TX.PB05_TX.PB06,55.0,0.04866605797273765,0.7764360022441774,PB05,PB06
TX.PB05_TX.PB06,59.0,0.5832300691983702,0.8401636048812589,PB05,PB06
TX.PB05_TX.PB06,63.0,0.5177151259325375,0.8308704748275137,PB05,PB06
TX.PB05_TX.PB06,67.0,-0.370220969112147,0.8270076189150507,PB05,PB06
TX.PB05_TX.PB06,71.0,0.3495154262434628,0.7865402560540374,PB05,PB06
TX.PB05_TX.PB06,75.0,-1.2250780759274262,0.8271435595202686,PB05,PB06
TX.PB05_TX.PB06,79.0,0.09331549690128872,0.8312917997250512,PB05,PB06
TX.PB05_TX.PB06,83.0,-0.605981464284795,0.8137404397345052,PB05,PB06
TX.PB05_TX.PB07,43.0,0.34235314366846287,0.8473512230314837,PB05,PB07
TX.PB05_TX.PB07,47.0,-0.6488317491802241,0.8157886515253823,PB05,PB07
TX.PB05_TX.PB07,51.0,0.16869268969345952,0.7917472053066907,PB05,PB07
TX.PB05_TX.PB07,55.0,0.2563553599532891,0.8435998223495361,PB05,PB07
TX.PB05_TX.PB07,59.0,-0.615950157249358,0.8150327958813767,PB05,PB07
TX.PB05_TX.PB07,63.0,0.15111085376179537,0.8412443543835315,PB05,PB07
TX.PB05_TX.PB07,67.0,-0.49375971563746457,0.7913296040683904,PB05,PB07
TX.PB05_TX.PB07,71.0,0.09078139209190823,0.769955793337526,PB05,PB07
TX.PB05_TX.PB07,75.0,-0.051936079592999694,0.8098419661699403,PB05,PB07
TX.PB05_TX.PB07,79.0,-0.1435382226168354,0.8300763274051725,PB05,PB07
TX.PB05_TX.PB07,83.0,-0.32642590879713435,0.8268464074666496,PB05,PB07
TX.PB05_TX.PB08,23.0,0.33614488795908937,0.8232922308680145,PB05,PB08
TX.PB05_TX.PB08,27.0,-0.16275543270298456,0.8316011460299674,PB05,PB08
TX.PB05_TX.PB08,31.0,-0.6126667242610272,0.7942703858230491,PB05,PB08
TX.PB05_TX.PB08,35.0,0.054309522595135294,0.8258593225450352,PB05,PB08
TX.PB05_TX.PB08,39.0,0.006963392062101878,0.8750417087367437,PB05,PB08
TX.PB05_TX.PB08,43.0,0.5647927097655093,0.7512014006735278,PB05,PB08
TX.PB05_TX.PB08,47.0,0.9969568865532136,0.8009946222424796,PB05,PB08
TX.PB05_TX.PB08,51.0,-1.087856743305467,0.8155892127418438,PB05,PB08
TX.PB05_TX.PB08,55.0,-0.2031848581358764,0.8099402824250179,PB05,PB08
TX.PB05_TX.PB08,59.0,-0.3494298419833885,0.8562208583091501,PB05,PB08
TX.PB05_TX.PB08,63.0,0.2611211825156459,0.8775266660537838,PB05,PB08
TX.PB05_TX.PB10,31.0,-0.46638343995013215,0.7969344400297864,PB05,PB10
TX.PB05_TX.PB10,35.0,-0.005364018362703194,0.8203824018264638,PB05,PB10
TX.PB05_TX.PB10,39.0,0.005442237701960677,0.8363911068486147,PB05,PB10
TX.PB05_TX.PB10,43.0,-0.3031183474318239,0.7991779954979846,PB05,PB10
TX.PB05_TX.PB10,47.0,0.3711585995715177,0.8117663619347801,PB05,PB10
TX.PB05_TX.PB10,51.0,0.1966076661187743,0.8035892444004605,PB05,PB10
TX.PB05_TX.PB10,55.0,-0.048321720687923744,0.8081274693710784,PB05,PB10
TX.PB05_TX.PB10,59.0,0.07447180305064764,0.8140365836674028,PB05,PB10
TX.PB05_TX.PB10,63.0,0.5709914427846391,0.8201408118298659,PB05,PB10
TX.PB05_TX.PB10,67.0,-0.19921625882797847,0.765838788977365,PB05,PB10
TX.PB05_TX.PB10,71.0,-0.6682692142095541,0.7996786012443774,PB05,PB10
TX.PB05_TX.PB12,37.0,-0.24943394156772067,0.8195744451941966,PB05,PB12
TX.PB05_TX.PB12,41.0,0.3033386643890365,0.8175088781687853,PB05,PB12
TX.PB05_TX.PB12,45.0,0.35516402735574887,0.8086525484270916,PB05,PB12
TX.PB05_TX.PB12,49.0,0.30569377896202515,0.8289192753998404,PB05,PB12
TX.PB05_TX.PB12,53.0,-0.017279897529446163,0.8604714077722944,PB05,PB12
TX.PB05_TX.PB12,57.0,0.1373997739048257,0.7957261249782687,PB05,PB12
TX.PB05_TX.PB12,61.0,1.0380918332640108,0.8210190142260508,PB05,PB12
TX.PB05_TX.PB12,65.0,0.2343984154143109,0.8030018900828145,PB05,PB12
TX.PB05_TX.PB12,69.0,0.18760283633304783,0.8219927620219308,PB05,PB12
TX.PB05_TX.PB12,73.0,-0.7231695093646823,0.8274285358126606,PB05,PB12
TX.PB05_TX.PB12,77.0,-0.28436936327008155,0.8092009410230971,PB05,PB12
TX.PB05_TX.PB14,17.0,0.22968402683149608,0.8146166495059558,PB05,PB14
TX.PB05_TX.PB14,21.0,0.4669360792796948,0.8196430134697209,PB05,PB14
TX.PB05_TX.PB14,25.0,0.23002004611607543,0.8320017278282592,PB05,PB14
TX.PB05_TX.PB14,29.0,-0.6127206278982702,0.8329513144097133,PB05,PB14
TX.PB05_TX.PB14,33.0,0.06578659805205837,0.8583332006867024,PB05,PB14
TX.PB05_TX.PB14,37.0,0.5041910143648027,0.8306252040422528,PB05,PB14
TX.PB05_TX.PB14,41.0,0.5640428956607746,0.782769811874479,PB05,PB14
TX.PB05_TX.PB14,45.0,-0.4755199421535753,0.8120016762989565,PB05,PB14
TX.PB05_TX.PB14,49.0,0.5080876989079768,0.8176830561175563,PB05,PB14
TX.PB05_TX.PB14,53.0,-0.23835275350394244,0.7971374296771139,PB05,PB14
TX.PB05_TX.PB14,57.0,0.1038341750494968,0.8178975145996424,PB05,PB14
TX.PB05_TX.PB16,13.0,0.39135430675571614,0.8194335041316646,PB05,PB16
TX.PB05_TX.PB16,17.0,0.11736244291839625,0.7897198013342996,PB05,PB16
TX.PB05_TX.PB16,21.0,0.6677371522475923,0.7453999370364709,PB05,PB16
TX.PB05_TX.PB16,25.0,-0.192706704001562,0.8655825229405651,PB05,PB16
TX.PB05_TX.PB16,29.0,0.13293198423650895,0.8173915511991786,PB05,PB16
TX.PB05_TX.PB16,33.0,0.2651164144685111,0.8145351723314046,PB05,PB16
TX.PB05_TX.PB16,37.0,-0.22966344748480763,0.8785304013459025,PB05,PB16
TX.PB05_TX.PB16,41.0,0.4848842841076558,0.7777401768432995,PB05,PB16
TX.PB05_TX.PB16,45.0,-0.29130981810299894,0.7682898128742289,PB05,PB16
TX.PB05_TX.PB16,49.0,-0.09037312505926796,0.8374506906908186,PB05,PB16
TX.PB05_TX.PB16,53.0,0.7704779452126806,0.8202009390298368,PB05,PB16
TX.PB05_TX.PB18,19.0,0.2985012729643344,0.7961195789995241,PB05,PB18
TX.PB05_TX.PB18,23.0,-0.43547657577121845,0.8621829840517027,PB05,PB18
TX.PB05_TX.PB18,27.0,-0.1680502799651041,0.7993253327780453,PB05,PB18
TX.PB05_TX.PB18,31.0,0.20656225166133135,0.7897935278049862,PB05,PB18
TX.PB05_TX.PB18,35.0,0.33616356663356695,0.7956095013211971,PB05,PB18
TX.PB05_TX.PB18,39.0,-0.028659572674382235,0.8254644661246123,PB05,PB18
TX.PB05_TX.PB18,43.0,-0.7528210719101434,0.7705679923064984,PB05,PB18
TX.PB05_TX.PB18,47.0,0.030447502925510492,0.8192861750451415,PB05,PB18
TX.PB05_TX.PB18,51.0,-0.23692953420112892,0.7871353005755738,PB05,PB18
TX.PB05_TX.PB18,55.0,-0.25273010482619457,0.8464992280448987,PB05,PB18
TX.PB05_TX.PB18,59.0,-0.062455785901510456,0.8518054138040071,PB05,PB18
TX.PB05_TX.PB19,25.0,-0.34841686972089286,0.860868000395631,PB05,PB19
TX.PB05_TX.PB19,29.0,0.02671077553796472,0.8284783475155812,PB05,PB19
TX.PB05_TX.PB19,33.0,-0.14930269291816867,0.7868561258212874,PB05,PB19
TX.PB05_TX.PB19,37.0,0.0005959432028583422,0.7312332868006383,PB05,PB19
TX.PB05_TX.PB19,41.0,0.2638797991424868,0.8426826926231562,PB05,PB19
TX.PB05_TX.PB19,45.0,-0.24021555172729164,0.8334659476794575,PB05,PB19
TX.PB05_TX.PB19,49.0,-0.27355649690269807,0.8139662532121763,PB05,PB19
TX.PB05_TX.PB19,53.0,0.3903893535073266,0.7791983810033195,PB05,PB19
TX.PB05_TX.PB19,57.0,-0.05295714308085396,0.8547557125777726,PB05,PB19
TX.PB05_TX.PB19,61.0,-0.9692887778000573,0.7826880560419539,PB05,PB19
TX.PB05_TX.PB19,65.0,-0.05908323048914694,0.821663751904627,PB05,PB19
TX.PB05_TX.PB21,29.0,0.2607317173796789,0.8108548996709297,PB05,PB21
TX.PB05_TX.PB21,33.0,-0.22909139020345284,0.7798001620735233,PB05,PB21
TX.PB05_TX.PB21,37.0,-0.5010775686920564,0.8455765330118555,PB05,PB21
TX.PB05_TX.PB21,41.0,0.38750227209273447,0.8169004410304349,PB05,PB21
TX.PB05_TX.PB21,45.0,-0.7289220114760344,0.8293525666385155,PB05,PB21
TX.PB05_TX.PB21,49.0,0.03572318409064167,0.784224351693255,PB05,PB21
TX.PB05_TX.PB21,53.0,-0.5012630057020189,0.827928877826072,PB05,PB21
TX.PB05_TX.PB21,57.0,0.28204835151975666,0.8051900030657557,PB05,PB21
TX.PB05_TX.PB21,61.0,0.20120919525511935,0.8108031209711855,PB05,PB21
TX.PB05_TX.PB21,65.0,-0.3021384286009145,0.78739804368231,PB05,PB21
TX.PB05_TX.PB21,69.0,0.399243305294761,0.7826043306420544,PB05,PB21
TX.PB05_TX.PCOS,31.0,-0.5238104059873361,0.8485761519102357,PB05,PCOS
TX.PB05_TX.PCOS,35.0,0.5417454340448694,0.7877299182642121,PB05,PCOS
TX.PB05_TX.PCOS,39.0,-0.6104055198542032,0.8146304912633471,PB05,PCOS
TX.PB05_TX.PCOS,43.0,0.18358931603349796,0.8232834345580625,PB05,PCOS
TX.PB05_TX.PCOS,47.0,-0.3086215097099743,0.8257330549799584,PB05,PCOS
TX.PB05_TX.PCOS,51.0,-0.33906848372783127,0.8148947795412051,PB05,PCOS
TX.PB05_TX.PCOS,55.0,0.2759024098288681,0.8050533935751014,PB05,PCOS
TX.PB05_TX.PCOS,59.0,-0.17949086330891656,0.8241231252026574,PB05,PCOS
TX.PB05_TX.PCOS,63.0,0.7692926589757274,0.8135833882796999,PB05,PCOS
TX.PB05_TX.PCOS,67.0,-0.08613281202471594,0.7978557058326986,PB05,PCOS
TX.PB05_TX.PCOS,71.0,-0.24388176968540248,0.7716279693928115,PB05,PCOS
TX.PB05_TX.PECS,37.0,-0.7957451689788619,0.7946913743174638,PB05,PECS
TX.PB05_TX.PECS,41.0,0.24649768046833587,0.7871283082918947,PB05,PECS
TX.PB05_TX.PECS,45.0,0.007917865276604777,0.8018804858940812,PB05,PECS
TX.PB05_TX.PECS,49.0,0.34126157011026115,0.8077814263663678,PB05,PECS
TX.PB05_TX.PECS,53.0,0.9875415232360423,0.8187973745880982,PB05,PECS
TX.PB05_TX.PECS,57.0,0.14609641967994919,0.8176298313448901,PB05,PECS
TX.PB05_TX.PECS,61.0,0.012428921631666087,0.8195738061461214,PB05,PECS
TX.PB05_TX.PECS,65.0,-0.5550055336575566,0.8049012363419267,PB05,PECS
TX.PB05_TX.PECS,69.0,0.20126619165627807,0.7766289704597736,PB05,PECS
TX.PB05_TX.PECS,73.0,-0.4483357044831798,0.7802722585743056,PB05,PECS
TX.PB05_TX.PECS,77.0,0.7434114228912062,0.8275512229815601,PB05,PECS
TX.PB06_TX.PB07,23.0,0.21849818823353456,0.8161046046299152,PB06,PB07
TX.PB06_TX.PB07,27.0,0.270150453512132,0.8458045147820364,PB06,PB07
TX.PB06_TX.PB07,31.0,0.4030036118247184,0.8208149387557105,PB06,PB07
TX.PB06_TX.PB07,35.0,-0.3916745898180599,0.8167894101291747,PB06,PB07
TX.PB06_TX.PB07,39.0,0.11280831559053872,0.8556261151803557,PB06,PB07
TX.PB06_TX.PB07,43.0,-0.3732801646850012,0.8018429087709015,PB06,PB07
TX.PB06_TX.PB07,47.0,0.3958756731339955,0.7927171874633637,PB06,PB07
TX.PB06_TX.PB07,51.0,-0.04333669311104626,0.8321525789368176,PB06,PB07
TX.PB06_TX.PB07,55.0,-0.5703215426755871,0.7805094665169705,PB06,PB07
TX.PB06_TX.PB07,59.0,0.032004798633487895,0.7702247038500913,PB06,PB07
TX.PB06_TX.PB07,63.0,0.7061082252693226,0.8026285598180151,PB06,PB07
TX.PB06_TX.PB08,47.0,-0.15389672259162177,0.8303699923564891,PB06,PB08
TX.PB06_TX.PB08,51.0,0.29282948723472085,0.8458298159140789,PB06,PB08
TX.PB06_TX.PB08,55.0,-0.3296945915709236,0.8055638032399424,PB06,PB08
TX.PB06_TX.PB08,59.0,0.03892896327062807,0.8087739104769155,PB06,PB08
TX.PB06_TX.PB08,63.0,-1.0776999143129211,0.739212838154656,PB06,PB08
TX.PB06_TX.PB08,67.0,0.12468161152442157,0.8015522707359982,PB06,PB08
TX.PB06_TX.PB08,71.0,-0.03967043445708344,0.7919822119544162,PB06,PB08
TX.PB06_TX.PB08,75.0,1.155512308534262,0.8419828544396252,PB06,PB08
TX.PB06_TX.PB08,79.0,-0.4128013075916476,0.8523587725225338,PB06,PB08
TX.PB06_TX.PB08,83.0,0.44924609132592824,0.781783234705178,PB06,PB08
TX.PB06_TX.PB08,87.0,0.002000323568227859,0.7545213739337812,PB06,PB08
TX.PB06_TX.PB10,35.0,-0.036179888234099754,0.7971737728890189,PB06,PB10
TX.PB06_TX.PB10,39.0,0.21852605227501196,0.8114464514762989,PB06,PB10
TX.PB06_TX.PB10,43.0,0.23076831543243115,0.8185156313773153,PB06,PB10
TX.PB06_TX.PB10,47.0,-0.5407926965017107,0.8267582120761474,PB06,PB10
TX.PB06_TX.PB10,51.0,0.5741169891525402,0.8064261830572723,PB06,PB10
TX.PB06_TX.PB10,55.0,-0.061952739959558634,0.7319878860741875,PB06,PB10
TX.PB06_TX.PB10,59.0,0.9141480209965344,0.8137594337263465,PB06,PB10
TX.PB06_TX.PB10,63.0,0.4050381978963703,0.8348878173943782,PB06,PB10
TX.PB06_TX.PB10,67.0,0.8837273743623779,0.8485438440533034,PB06,PB10
TX.PB06_TX.PB10,71.0,0.48925652360908933,0.8676552132952787,PB06,PB10
TX.PB06_TX.PB10,75.0,0.6471748967213875,0.8416747823094183,PB06,PB10
TX.PB06_TX.PB12,45.0,-0.05591420286260737,0.8154231666626052,PB06,PB12
TX.PB06_TX.PB12,49.0,-0.04369619343876623,0.8272821335776525,PB06,PB12
TX.PB06_TX.PB12,53.0,0.1944574489703228,0.7690631455017133,PB06,PB12
TX.PB06_TX.PB12,57.0,-0.038002765276879215,0.8168999357540957,PB06,PB12
TX.PB06_TX.PB12,61.0,-0.47042860197495273,0.8280417028335317,PB06,PB12
TX.PB06_TX.PB12,65.0,-0.13299512581361703,0.8079148391471155,PB06,PB12
TX.PB06_TX.PB12,69.0,-0.7174622782822597,0.7955591310136555,PB06,PB12
TX.PB06_TX.PB12,73.0,0.6676431311528975,0.7881844164794423,PB06,PB12
TX.PB06_TX.PB12,77.0,0.4221624379703716,0.7541266575997064,PB06,PB12
TX.PB06_TX.PB12,81.0,0.3428969303582374,0.8364362720493194,PB06,PB12
TX.PB06_TX.PB12,85.0,-0.2774787843774458,0.8526183013468771,PB06,PB12
TX.PB06_TX.PB14,31.0,-0.2003808455691816,0.8531345327395715,PB06,PB14
TX.PB06_TX.PB14,35.0,-0.14595623257074347,0.8047100838653971,PB06,PB14
TX.PB06_TX.PB14,39.0,-0.5819034110453841,0.8165790523903154,PB06,PB14
TX.PB06_TX.PB14,43.0,0.10167202045004342,0.8049349739753853,PB06,PB14
TX.PB06_TX.PB14,47.0,0.16652364758344163,0.7652028007285127,PB06,PB14
TX.PB06_TX.PB14,51.0,-0.438763361917892,0.7874323376747654,PB06,PB14
TX.PB06_TX.PB14,55.0,0.49582721102201566,0.7835606344878011,PB06,PB14
TX.PB06_TX.PB14,59.0,-0.2318585688458296,0.8385417963489716,PB06,PB14
TX.PB06_TX.PB14,63.0,0.06253856237181356,0.784226987669273,PB06,PB14
TX.PB06_TX.PB14,67.0,-1.008021902393215,0.7885166305414043,PB06,PB14
TX.PB06_TX.PB14,71.0,0.5315049786635379,0.7863688009220001,PB06,PB14
TX.PB06_TX.PB16,31.0,0.12002557817831584,0.7983606196407806,PB06,PB16
TX.PB06_TX.PB16,35.0,0.7312742981264574,0.7973377895735794,PB06,PB16
TX.PB06_TX.PB16,39.0,0.154044772861662,0.8371338411679362,PB06,PB16
TX.PB06_TX.PB16,43.0,0.29784578929594974,0.7883071194504349,PB06,PB16
TX.PB06_TX.PB16,47.0,-0.3270377580795093,0.8525875853752195,PB06,PB16
TX.PB06_TX.PB16,51.0,0.4164178005951463,0.7578352419455382,PB06,PB16
TX.PB06_TX.PB16,55.0,0.1006653337015658,0.8139935408654823,PB06,PB16
TX.PB06_TX.PB16,59.0,-0.0368514082937051,0.8411418294074092,PB06,PB16
TX.PB06_TX.PB16,63.0,-0.9454680722043636,0.8303365497131526,PB06,PB16
TX.PB06_TX.PB16,67.0,0.03786995606874981,0.8376592565154025,PB06,PB16
TX.PB06_TX.PB16,71.0,0.018549581418274164,0.8454153512958744,PB06,PB16
TX.PB06_TX.PB18,27.0,-0.4083865814765551,0.7780408523887284,PB06,PB18
TX.PB06_TX.PB18,31.0,0.7920961815741884,0.8306983618931025,PB06,PB18
TX.PB06_TX.PB18,35.0,-0.194184670799565,0.7615223793661242,PB06,PB18
TX.PB06_TX.PB18,39.0,0.2503192618873849,0.7991490593178291,PB06,PB18
TX.PB06_TX.PB18,43.0,-0.9243804375957024,0.8734559465264338,PB06,PB18
TX.PB06_TX.PB18,47.0,0.31689382648997044,0.7610774962184496,PB06,PB18
TX.PB06_TX.PB18,51.0,0.25375024935557133,0.7760009614570702,PB06,PB18
TX.PB06_TX.PB18,55.0,-0.009402768815110844,0.828773193158959,PB06,PB18
TX.PB06_TX.PB18,59.0,-0.3117193981521767,0.8411956374874265,PB06,PB18
TX.PB06_TX.PB18,63.0,-0.9656830498889176,0.8124185810342361,PB06,PB18
TX.PB06_TX.PB18,67.0,0.7114835162136113,0.8313567781222451,PB06,PB18
TX.PB06_TX.PB19,21.0,-0.4032222588075485,0.8305416125395194,PB06,PB19
TX.PB06_TX.PB19,25.0,0.725433624454822,0.787707496534841,PB06,PB19
TX.PB06_TX.PB19,29.0,0.30304090313486487,0.800212822532037,PB06,PB19
TX.PB06_TX.PB19,33.0,-0.21711610192785752,0.8262805510686166,PB06,PB19
TX.PB06_TX.PB19,37.0,-0.23279701820201912,0.8033257387266569,PB06,PB19
TX.PB06_TX.PB19,41.0,0.38372456874583943,0.8003075791279306,PB06,PB19
TX.PB06_TX.PB19,45.0,0.2126735251692209,0.8205571712169347,PB06,PB19
TX.PB06_TX.PB19,49.0,0.4450395799606406,0.804877624032983,PB06,PB19
TX.PB06_TX.PB19,53.0,-0.8016542672230731,0.8347729835803517,PB06,PB19
TX.PB06_TX.PB19,57.0,0.26213950467159947,0.8113598437626716,PB06,PB19
TX.PB06_TX.PB19,61.0,-0.1852935400726033,0.73343722363769,PB06,PB19
TX.PB06_TX.PB21,21.0,0.05042842340014373,0.8207240089886173,PB06,PB21
TX.PB06_TX.PB21,25.0,-0.2759083194948811,0.8112939034386821,PB06,PB21
TX.PB06_TX.PB21,29.0,-0.2260051535272946,0.8037320131864409,PB06,PB21
TX.PB06_TX.PB21,33.0,0.3945647630868114,0.7704903556556558,PB06,PB21
TX.PB06_TX.PB21,37.0,0.11361092506184362,0.8158021455285213,PB06,PB21
TX.PB06_TX.PB21,41.0,-1.2415386268793969,0.8233205547130363,PB06,PB21
TX.PB06_TX.PB21,45.0,-0.8058152975355067,0.8082891516494163,PB06,PB21
TX.PB06_TX.PB21,49.0,0.5214771002930417,0.7898182250722798,PB06,PB21
TX.PB06_TX.PB21,53.0,-1.0258089383166027,0.8013857626011767,PB06,PB21
TX.PB06_TX.PB21,57.0,0.10130394253724366,0.855513973947897,PB06,PB21
TX.PB06_TX.PB21,61.0,-0.5789397334805116,0.8122869523975011,PB06,PB21
TX.PB06_TX.PCOS,21.0,0.27737893557272814,0.8594362927892294,PB06,PCOS
TX.PB06_TX.PCOS,25.0,0.17984093963473033,0.8346517638033653,PB06,PCOS
TX.PB06_TX.PCOS,29.0,-0.1104866829835682,0.8146090105081467,PB06,PCOS
TX.PB06_TX.PCOS,33.0,0.23634998326402468,0.7463995688991111,PB06,PCOS
TX.PB06_TX.PCOS,37.0,-0.7534868420760867,0.8060357651073969,PB06,PCOS
TX.PB06_TX.PCOS,41.0,-0.10035175350750122,0.8661864166175293,PB06,PCOS
TX.PB06_TX.PCOS,45.0,0.07411213020257401,0.8193611864881821,PB06,PCOS
TX.PB06_TX.PCOS,49.0,0.06994044735352589,0.7189499907972033,PB06,PCOS
TX.PB06_TX.PCOS,53.0,0.06338054892852917,0.7708132972430533,PB06,PCOS
TX.PB06_TX.PCOS,57.0,-0.07869575052990058,0.8163767849817242,PB06,PCOS
TX.PB06_TX.PCOS,61.0,0.6315851945331952,0.8393709578523398,PB06,PCOS
TX.PB06_TX.PECS,37.0,0.2030146725542601,0.8646258081388325,PB06,PECS
TX.PB06_TX.PECS,41.0,-0.35990001316124565,0.798186478191442,PB06,PECS
TX.PB06_TX.PECS,45.0,0.70816133965747,0.7983848309481149,PB06,PECS
TX.PB06_TX.PECS,49.0,-0.0431868946694099,0.8379581232147317,PB06,PECS
TX.PB06_TX.PECS,53.0,0.9591774204784496,0.7968070002697811,PB06,PECS
TX.PB06_TX.PECS,57.0,-0.14606156666247824,0.7863170716102259,PB06,PECS
TX.PB06_TX.PECS,61.0,0.795866140077081,0.8165789674689258,PB06,PECS
TX.PB06_TX.PECS,65.0,1.0645932356759205,0.7623459457419702,PB06,PECS
TX.PB06_TX.PECS,69.0,-0.739941964183026,0.8340858298204323,PB06,PECS
TX.PB06_TX.PECS,73.0,0.4894267847606023,0.7959628145261031,PB06,PECS
TX.PB06_TX.PECS,77.0,0.27180316116405634,0.7974431613957517,PB06,PECS
TX.PB07_TX.PB08,55.0,0.023203457282125712,0.8380764462862462,PB07,PB08
TX.PB07_TX.PB08,59.0,0.9615884513424083,0.7897727171591851,PB07,PB08
TX.PB07_TX.PB08,63.0,-0.6381534242584515,0.7995937405842216,PB07,PB08
TX.PB07_TX.PB08,67.0,0.07096277817777324,0.8095605236241646,PB07,PB08
TX.PB07_TX.PB08,71.0,0.05827122745041679,0.8073606549834046,PB07,PB08
TX.PB07_TX.PB08,75.0,-0.8366802716404487,0.7990826710380226,PB07,PB08
TX.PB07_TX.PB08,79.0,-0.21319870397144505,0.8217481292349958,PB07,PB08
TX.PB07_TX.PB08,83.0,0.2544364122028121,0.8356701737329437,PB07,PB08
TX.PB07_TX.PB08,87.0,0.5578504602601796,0.8038368118497922,PB07,PB08
TX.PB07_TX.PB08,91.0,0.394732158495367,0.8355957417714963,PB07,PB08
TX.PB07_TX.PB08,95.0,-0.5303300847971637,0.7817409836733827,PB07,PB08
TX.PB07_TX.PB10,19.0,0.3105127860303776,0.831687586074591,PB07,PB10
TX.PB07_TX.PB10,23.0,-0.47511353146214896,0.8677850174155906,PB07,PB10
TX.PB07_TX.PB10,27.0,-0.0005911054613725833,0.808730255562369,PB07,PB10
TX.PB07_TX.PB10,31.0,0.019734404442337365,0.8295602040191941,PB07,PB10
TX.PB07_TX.PB10,35.0,0.3042481642173337,0.7776975385690276,PB07,PB10
TX.PB07_TX.PB10,39.0,-0.22004685146997968,0.7752613445486621,PB07,PB10
TX.PB07_TX.PB10,43.0,0.2043511343304916,0.8289353739068982,PB07,PB10
TX.PB07_TX.PB10,47.0,0.011105020094657511,0.8126980296085837,PB07,PB10
TX.PB07_TX.PB10,51.0,-0.04871668753950875,0.8142438132236761,PB07,PB10
TX.PB07_TX.PB10,55.0,-0.7143143105024069,0.8030672154431637,PB07,PB10
TX.PB07_TX.PB10,59.0,-0.42144579238107094,0.7753034926891934,PB07,PB10
TX.PB07_TX.PB12,27.0,0.30189857186920943,0.8364719546324697,PB07,PB12
TX.PB07_TX.PB12,31.0,0.6960378651291823,0.8578654161180411,PB07,PB12
TX.PB07_TX.PB12,35.0,-0.044625404289509486,0.8703608220335379,PB07,PB12
TX.PB07_TX.PB12,39.0,0.08774500198839452,0.8514283234619516,PB07,PB12
TX.PB07_TX.PB12,43.0,-0.2918217403991139,0.8083278564935149,PB07,PB12
TX.PB07_TX.PB12,47.0,0.6728508985359388,0.7696334373003646,PB07,PB12
TX.PB07_TX.PB12,51.0,0.084507300541863,0.8183501770858441,PB07,PB12
TX.PB07_TX.PB12,55.0,-0.3003257655615954,0.8360721262916417,PB07,PB12
TX.PB07_TX.PB12,59.0,-0.25361046698354006,0.7769528932108724,PB07,PB12
TX.PB07_TX.PB12,63.0,-0.3139774729306878,0.8242205499732193,PB07,PB12
TX.PB07_TX.PB12,67.0,0.2727189453480838,0.8054645519156796,PB07,PB12
TX.PB07_TX.PB14,37.0,-0.21500316100595457,0.7926570114796188,PB07,PB14
TX.PB07_TX.PB14,41.0,-0.3494476004772242,0.8369163143116426,PB07,PB14
TX.PB07_TX.PB14,45.0,0.011143034083785204,0.8083441789090164,PB07,PB14
TX.PB07_TX.PB14,49.0,0.02644202721555893,0.8182269261961698,PB07,PB14
TX.PB07_TX.PB14,53.0,-0.46073709157584647,0.8041332228811526,PB07,PB14
TX.PB07_TX.PB14,57.0,0.0117444300204776,0.8423771560234534,PB07,PB14
TX.PB07_TX.PB14,61.0,-0.5493823715366499,0.8182443096637761,PB07,PB14
TX.PB07_TX.PB14,65.0,-0.04899894252916866,0.7872598050091039,PB07,PB14
TX.PB07_TX.PB14,69.0,0.8473362662897408,0.7855539477497746,PB07,PB14
TX.PB07_TX.PB14,73.0,-0.5521838816577157,0.8041625832917689,PB07,PB14
TX.PB07_TX.PB14,77.0,-0.15866329144181288,0.837075621825431,PB07,PB14
TX.PB07_TX.PB16,35.0,-0.05500872377445258,0.7989241310867293,PB07,PB16
TX.PB07_TX.PB16,39.0,-0.32449674980863374,0.8524880099057801,PB07,PB16
TX.PB07_TX.PB16,43.0,0.8480410971032464,0.7738057932800182,PB07,PB16
TX.PB07_TX.PB16,47.0,-0.41811642920120207,0.7914460891304299,PB07,PB16
TX.PB07_TX.PB16,51.0,0.55666001696984,0.8409716578648976,PB07,PB16
TX.PB07_TX.PB16,55.0,0.33739676607437313,0.8361422978520162,PB07,PB16
TX.PB07_TX.PB16,59.0,0.385932485268057,0.7793832279624776,PB07,PB16
TX.PB07_TX.PB16,63.0,0.5384104859423647,0.8255772321957475,PB07,PB16
TX.PB07_TX.PB16,67.0,-0.0914416830547782,0.8374360296257819,PB07,PB16
TX.PB07_TX.PB16,71.0,-0.2141635745786204,0.8002637345951944,PB07,PB16
TX.PB07_TX.PB16,75.0,0.09323868217670932,0.7885189075205702,PB07,PB16
TX.PB07_TX.PB18,33.0,-0.3568295285989454,0.828940440690764,PB07,PB18
TX.PB07_TX.PB18,37.0,0.8233200988267471,0.8255419823944241,PB07,PB18
TX.PB07_TX.PB18,41.0,-0.3021516037221939,0.8429403177113101,PB07,PB18
TX.PB07_TX.PB18,45.0,-0.5878292444712342,0.8421471046458261,PB07,PB18
TX.PB07_TX.PB18,49.0,-0.3573325004943555,0.8666355350412395,PB07,PB18
TX.PB07_TX.PB18,53.0,-0.2417281663030152,0.8835675857247658,PB07,PB18
TX.PB07_TX.PB18,57.0,-0.15231683483838046,0.8190537951795315,PB07,PB18
TX.PB07_TX.PB18,61.0,-0.3353024819474436,0.8123924479744149,PB07,PB18
TX.PB07_TX.PB18,65.0,-0.2618285203186708,0.836637344215827,PB07,PB18
TX.PB07_TX.PB18,69.0,-0.1815355835695263,0.8412468559283045,PB07,PB18
TX.PB07_TX.PB18,73.0,-0.055807888315422015,0.8294925562820945,PB07,PB18
TX.PB07_TX.PB19,33.0,-0.22219157985640367,0.8249275395621992,PB07,PB19
TX.PB07_TX.PB19,37.0,-0.4433395077965876,0.7797039864309055,PB07,PB19
TX.PB07_TX.PB19,41.0,0.0300844285927776,0.859793388947363,PB07,PB19
TX.PB07_TX.PB19,45.0,-0.11208449453112504,0.828824291142821,PB07,PB19
TX.PB07_TX.PB19,49.0,-0.701815613632077,0.7992384227823692,PB07,PB19
TX.PB07_TX.PB19,53.0,0.1748731939184074,0.8043235512835148,PB07,PB19
TX.PB07_TX.PB19,57.0,-0.7096806229347034,0.7716350774783775,PB07,PB19
TX.PB07_TX.PB19,61.0,-0.013467737160486304,0.8181924820009341,PB07,PB19
TX.PB07_TX.PB19,65.0,-0.029624587332037263,0.7870297988447914,PB07,PB19
TX.PB07_TX.PB19,69.0,0.023575050116731663,0.8299198022478941,PB07,PB19
TX.PB07_TX.PB19,73.0,-0.43797460821190015,0.8340830576204769,PB07,PB19
TX.PB07_TX.PB21,33.0,-0.7658828206039979,0.8202388724480189,PB07,PB21
TX.PB07_TX.PB21,37.0,0.1732280829412909,0.8588766067204222,PB07,PB21
TX.PB07_TX.PB21,41.0,-0.06965630180959927,0.7786182527925005,PB07,PB21
TX.PB07_TX.PB21,45.0,0.03465378143530769,0.813024350612159,PB07,PB21
TX.PB07_TX.PB21,49.0,-0.42017078684619946,0.7996719477271175,PB07,PB21
TX.PB07_TX.PB21,53.0,0.5656701820940907,0.7528069971495923,PB07,PB21
TX.PB07_TX.PB21,57.0,-0.03772917658426176,0.8215195804389988,PB07,PB21
TX.PB07_TX.PB21,61.0,-0.07755425935204921,0.8287691525817128,PB07,PB21
TX.PB07_TX.PB21,65.0,0.02677189136745027,0.7808614673350082,PB07,PB21
TX.PB07_TX.PB21,69.0,0.17775991681450268,0.7995137759380488,PB07,PB21
TX.PB07_TX.PB21,73.0,-0.08351762804524697,0.7298343826420195,PB07,PB21
TX.PB07_TX.PCOS,15.0,0.00663241513609549,0.7957980698806794,PB07,PCOS
TX.PB07_TX.PCOS,19.0,-0.09265190939494392,0.8471823480324164,PB07,PCOS
TX.PB07_TX.PCOS,23.0,0.8596579552496311,0.8098421325923841,PB07,PCOS
TX.PB07_TX.PCOS,27.0,-0.1818769693989929,0.7458748746590419,PB07,PCOS
TX.PB07_TX.PCOS,31.0,0.25645024265932287,0.8466648962739034,PB07,PCOS
TX.PB07_TX.PCOS,35.0,-0.29206723678121593,0.8182062193628857,PB07,PCOS
TX.PB07_TX.PCOS,39.0,-0.3259708382939258,0.8388458019902236,PB07,PCOS
TX.PB07_TX.PCOS,43.0,-0.3703277338484514,0.812104140360951,PB07,PCOS
TX.PB07_TX.PCOS,47.0,0.021388209122421557,0.8092869512580051,PB07,PCOS
TX.PB07_TX.PCOS,51.0,0.040821830696873375,0.8263931387431234,PB07,PCOS
TX.PB07_TX.PCOS,55.0,0.33900546926742253,0.7735565474279323,PB07,PCOS
TX.PB07_TX.PECS,17.0,0.04785190936556757,0.7771495872840912,PB07,PECS
TX.PB07_TX.PECS,21.0,-0.060808717213960965,0.7823030370795838,PB07,PECS
TX.PB07_TX.PECS,25.0,-0.021253138249956123,0.779953676194894,PB07,PECS
TX.PB07_TX.PECS,29.0,0.33242070635928495,0.8056008771965646,PB07,PECS
TX.PB07_TX.PECS,33.0,0.18257881007507157,0.8278951034374893,PB07,PECS
TX.PB07_TX.PECS,37.0,-0.3278251530424027,0.8447158153829517,PB07,PECS
TX.PB07_TX.PECS,41.0,0.6323269477884164,0.8062169297388989,PB07,PECS
TX.PB07_TX.PECS,45.0,0.4383249449832984,0.7994761384938474,PB07,PECS
TX.PB07_TX.PECS,49.0,-0.8991062447414958,0.7795505414274982,PB07,PECS
TX.PB07_TX.PECS,53.0,0.36447495678602326,0.8662831971608582,PB07,PECS
TX.PB07_TX.PECS,57.0,-0.7197661708914431,0.8432739234368627,PB07,PECS
TX.PB08_TX.PB10,47.0,-0.4647770984836548,0.8301210989611021,PB08,PB10
TX.PB08_TX.PB10,51.0,0.4387367979902868,0.8545093167108769,PB08,PB10
TX.PB08_TX.PB10,55.0,0.4257791095186425,0.8140750440669473,PB08,PB10
TX.PB08_TX.PB10,59.0,-0.3007904675030405,0.7850041826797054,PB08,PB10
TX.PB08_TX.PB10,63.0,-0.017706463125065006,0.7846061439943053,PB08,PB10
TX.PB08_TX.PB10,67.0,1.1004149771465834,0.7870823533043088,PB08,PB10
TX.PB08_TX.PB10,71.0,-1.251682428345962,0.7898036001034391,PB08,PB10
TX.PB08_TX.PB10,75.0,0.37627835539431936,0.8349420824409908,PB08,PB10
TX.PB08_TX.PB10,79.0,-0.2492068676829887,0.8158956868856643,PB08,PB10
TX.PB08_TX.PB10,83.0,-0.41658973291229096,0.8232707799942277,PB08,PB10
TX.PB08_TX.PB10,87.0,0.4932941412976176,0.787002848070251,PB08,PB10
TX.PB08_TX.PB12,55.0,-0.24695065656313792,0.8149121544384965,PB08,PB12
TX.PB08_TX.PB12,59.0,0.5063505364943977,0.807634726773616,PB08,PB12
TX.PB08_TX.PB12,63.0,0.7771181278818338,0.7884095931534414,PB08,PB12
TX.PB08_TX.PB12,67.0,0.06189828320376312,0.8619116500691855,PB08,PB12
TX.PB08_TX.PB12,71.0,-0.5260852600795635,0.8409277626115316,PB08,PB12
TX.PB08_TX.PB12,75.0,0.022293076475923088,0.780614804656649,PB08,PB12
TX.PB08_TX.PB12,79.0,-0.10783778821902452,0.7838615948069032,PB08,PB12
TX.PB08_TX.PB12,83.0,0.5381113658918283,0.8439046489110149,PB08,PB12
TX.PB08_TX.PB12,87.0,-0.8999875674723232,0.7858279397829254,PB08,PB12
TX.PB08_TX.PB12,91.0,0.0735263042534182,0.8176003748865952,PB08,PB12
TX.PB08_TX.PB12,95.0,0.36663221820568315,0.7937132636984997,PB08,PB12
TX.PB08_TX.PB14,19.0,1.111686828272096,0.790736454814643,PB08,PB14
TX.PB08_TX.PB14,23.0,-0.16753466182179713,0.8449460684686358,PB08,PB14
TX.PB08_TX.PB14,27.0,0.3407932445643062,0.8020653147383787,PB08,PB14
TX.PB08_TX.PB14,31.0,-0.1816111495675629,0.7763822233094068,PB08,PB14
TX.PB08_TX.PB14,35.0,-0.11413156015864288,0.7850035539543385,PB08,PB14
TX.PB08_TX.PB14,39.0,-0.04567693982271044,0.8184464725331949,PB08,PB14
TX.PB08_TX.PB14,43.0,0.0908183123598523,0.826583067173557,PB08,PB14
TX.PB08_TX.PB14,47.0,-0.17364355502018836,0.8475725045373275,PB08,PB14
TX.PB08_TX.PB14,51.0,-0.3190675778461451,0.8120305088124787,PB08,PB14
TX.PB08_TX.PB14,55.0,0.7241643103858275,0.7392533966557,PB08,PB14
TX.PB08_TX.PB14,59.0,-0.9932518884499658,0.7994237047384221,PB08,PB14
TX.PB08_TX.PB16,23.0,0.5538530524037562,0.8263982051071204,PB08,PB16
TX.PB08_TX.PB16,27.0,0.26152936611880384,0.8331284970684522,PB08,PB16
TX.PB08_TX.PB16,31.0,-0.595195794703971,0.7603794307228852,PB08,PB16
TX.PB08_TX.PB16,35.0,0.189855607876672,0.8390101328934537,PB08,PB16
TX.PB08_TX.PB16,39.0,0.00014449136225233727,0.8448874575266029,PB08,PB16
TX.PB08_TX.PB16,43.0,0.5724143269505608,0.8185543723081348,PB08,PB16
TX.PB08_TX.PB16,47.0,-0.35463865305448744,0.784683144543084,PB08,PB16
TX.PB08_TX.PB16,51.0,0.34545579283917094,0.8264678495353781,PB08,PB16
TX.PB08_TX.PB16,55.0,-0.2561262065213012,0.8162375697456589,PB08,PB16
TX.PB08_TX.PB16,59.0,-0.359061613347231,0.8113004560695776,PB08,PB16
TX.PB08_TX.PB16,63.0,0.7653349184700222,0.82142558801283,PB08,PB16
TX.PB08_TX.PB18,25.0,0.9328420669230202,0.8289060960528057,PB08,PB18
TX.PB08_TX.PB18,29.0,-0.10720047343996512,0.8267257100406878,PB08,PB18
TX.PB08_TX.PB18,33.0,-0.2335463252693903,0.8078540966870044,PB08,PB18
TX.PB08_TX.PB18,37.0,0.37318038382305074,0.8345237315469002,PB08,PB18
TX.PB08_TX.PB18,41.0,-1.0593266917844715,0.805333427250192,PB08,PB18
TX.PB08_TX.PB18,45.0,-0.21138705414000863,0.7979053346081022,PB08,PB18
TX.PB08_TX.PB18,49.0,0.2879246899779748,0.8354768573441693,PB08,PB18
TX.PB08_TX.PB18,53.0,0.40119353468024727,0.8183257051062793,PB08,PB18
TX.PB08_TX.PB18,57.0,0.3099456825215368,0.8184119546370422,PB08,PB18
TX.PB08_TX.PB18,61.0,-1.0251478876813989,0.8255560077602258,PB08,PB18
TX.PB08_TX.PB18,65.0,0.5545618553811916,0.8308197712899966,PB08,PB18
TX.PB08_TX.PB19,27.0,0.24757174326661852,0.7922888438510883,PB08,PB19
TX.PB08_TX.PB19,31.0,-0.23461240896823943,0.8529045084427999,PB08,PB19
TX.PB08_TX.PB19,35.0,-0.5016485338470256,0.797580347757229,PB08,PB19
TX.PB08_TX.PB19,39.0,0.41073306621577294,0.8293444952702245,PB08,PB19
TX.PB08_TX.PB19,43.0,-0.3958883233942416,0.8773350859455613,PB08,PB19
TX.PB08_TX.PB19,47.0,0.42766136003433863,0.847151449967545,PB08,PB19
TX.PB08_TX.PB19,51.0,-0.7444216043082693,0.8143737639973943,PB08,PB19
TX.PB08_TX.PB19,55.0,0.24687221339781293,0.819071159867229,PB08,PB19
TX.PB08_TX.PB19,59.0,-0.41741948367438125,0.818917272323067,PB08,PB19
TX.PB08_TX.PB19,63.0,-0.09611566576523192,0.787006647832548,PB08,PB19
TX.PB08_TX.PB19,67.0,-0.10553678200655212,0.7706144852456179,PB08,PB19
TX.PB08_TX.PB21,29.0,-0.24967734454166507,0.8106774958053556,PB08,PB21
TX.PB08_TX.PB21,33.0,-0.4973681958909077,0.8526131852481494,PB08,PB21
TX.PB08_TX.PB21,37.0,-0.4286537391571337,0.814623289008051,PB08,PB21
TX.PB08_TX.PB21,41.0,0.7792426684678816,0.8426969220213597,PB08,PB21
TX.PB08_TX.PB21,45.0,-1.2718742044053795,0.719046296820462,PB08,PB21
TX.PB08_TX.PB21,49.0,-0.32515783481427374,0.7796075482888905,PB08,PB21
TX.PB08_TX.PB21,53.0,0.9802267846688147,0.7435563157060752,PB08,PB21
TX.PB08_TX.PB21,57.0,-0.41079426987608464,0.8373942905092525,PB08,PB21
TX.PB08_TX.PB21,61.0,-0.08525412570508113,0.7783392565456168,PB08,PB21
TX.PB08_TX.PB21,65.0,0.019355932352610357,0.8654984503842542,PB08,PB21
TX.PB08_TX.PB21,69.0,0.6838309914151917,0.7856028795604035,PB08,PB21
TX.PB08_TX.PCOS,43.0,-0.7915209089491091,0.8141851509013016,PB08,PCOS
TX.PB08_TX.PCOS,47.0,0.07876392450366258,0.8325689380067264,PB08,PCOS
TX.PB08_TX.PCOS,51.0,0.4012159796001382,0.8266351733994841,PB08,PCOS
TX.PB08_TX.PCOS,55.0,0.02304635778238743,0.8155946642759122,PB08,PCOS
TX.PB08_TX.PCOS,59.0,-0.6136070234969762,0.8058948433608503,PB08,PCOS
TX.PB08_TX.PCOS,63.0,0.3039534359887828,0.8174426843861273,PB08,PCOS
TX.PB08_TX.PCOS,67.0,-0.3374324589150893,0.7839239546486512,PB08,PCOS
TX.PB08_TX.PCOS,71.0,-0.7233431178703962,0.811780867042712,PB08,PCOS
TX.PB08_TX.PCOS,75.0,0.3700051627719204,0.8156587211653135,PB08,PCOS
TX.PB08_TX.PCOS,79.0,-0.6114090486880988,0.7957334209244578,PB08,PCOS
TX.PB08_TX.PCOS,83.0,-0.2542024878943588,0.8116954749001457,PB08,PCOS
TX.PB08_TX.PECS,55.0,0.0588218195704282,0.830666361788345,PB08,PECS
TX.PB08_TX.PECS,59.0,-0.3041727458460929,0.8093491279261101,PB08,PECS
TX.PB08_TX.PECS,63.0,0.07502527574504189,0.7879467812747362,PB08,PECS
TX.PB08_TX.PECS,67.0,0.17199575948957013,0.8164490174058396,PB08,PECS
TX.PB08_TX.PECS,71.0,-0.07366042233973587,0.7952512100710014,PB08,PECS
TX.PB08_TX.PECS,75.0,0.5248006214682779,0.8275835929400828,PB08,PECS
TX.PB08_TX.PECS,79.0,-0.16605949876889475,0.7921780675159408,PB08,PECS
TX.PB08_TX.PECS,83.0,-0.34069822243327247,0.7807940373552759,PB08,PECS
TX.PB08_TX.PECS,87.0,-1.0296491776385703,0.7824328660835479,PB08,PECS
TX.PB08_TX.PECS,91.0,-0.6781446226381361,0.7825740270746652,PB08,PECS
TX.PB08_TX.PECS,95.0,0.7869521869783198,0.7840801679464906,PB08,PECS
TX.PB10_TX.PB12,13.0,0.286806616126822,0.8382677554683508,PB10,PB12
TX.PB10_TX.PB12,17.0,-0.48540502185099454,0.7872023786003194,PB10,PB12
TX.PB10_TX.PB12,21.0,-0.027086138070341256,0.8043770948689499,PB10,PB12
TX.PB10_TX.PB12,25.0,0.9975792963417303,0.8129540222105721,PB10,PB12
TX.PB10_TX.PB12,29.0,-0.22753148152631852,0.8217398703980192,PB10,PB12
TX.PB10_TX.PB12,33.0,-0.748964851122298,0.800511631515735,PB10,PB12
TX.PB10_TX.PB12,37.0,0.6939596564277464,0.8095272778463459,PB10,PB12
TX.PB10_TX.PB12,41.0,-1.060933122768425,0.7709299509589124,PB10,PB12
TX.PB10_TX.PB12,45.0,1.2767312392256582,0.8129274802524776,PB10,PB12
TX.PB10_TX.PB12,49.0,0.1957289696976456,0.7689711068202518,PB10,PB12
TX.PB10_TX.PB12,53.0,0.08728750344014835,0.8220356557414404,PB10,PB12
TX.PB10_TX.PB14,33.0,0.25336222821803883,0.8067240366394816,PB10,PB14
TX.PB10_TX.PB14,37.0,0.7919893477848675,0.8155431337982704,PB10,PB14
TX.PB10_TX.PB14,41.0,0.2946729799520116,0.8421862628815766,PB10,PB14
TX.PB10_TX.PB14,45.0,-0.7164917539885742,0.7939264400432897,PB10,PB14
TX.PB10_TX.PB14,49.0,-0.2655672155575727,0.8515003986076094,PB10,PB14
TX.PB10_TX.PB14,53.0,-0.28087035688117046,0.8379388883342653,PB10,PB14
TX.PB10_TX.PB14,57.0,0.0860317726371288,0.7916107639174321,PB10,PB14
TX.PB10_TX.PB14,61.0,0.15414911974257553,0.7917132990848172,PB10,PB14
TX.PB10_TX.PB14,65.0,-0.029820406661588732,0.8176873810739673,PB10,PB14
TX.PB10_TX.PB14,69.0,1.1161605956924652,0.8029142671959054,PB10,PB14
TX.PB10_TX.PB14,73.0,0.08881204314947508,0.8178678063355309,PB10,PB14
TX.PB10_TX.PB16,27.0,0.880556010931911,0.7841557582673003,PB10,PB16
TX.PB10_TX.PB16,31.0,-0.3632333476653272,0.8204036783996258,PB10,PB16
TX.PB10_TX.PB16,35.0,0.7362265682640218,0.7807663000235939,PB10,PB16
TX.PB10_TX.PB16,39.0,-0.5078583454764567,0.7560435755102531,PB10,PB16
TX.PB10_TX.PB16,43.0,-0.2610036162653924,0.8419661404704025,PB10,PB16
TX.PB10_TX.PB16,47.0,-0.14379389211547725,0.7852129764789245,PB10,PB16
TX.PB10_TX.PB16,51.0,-0.9321392656459712,0.8294152267090522,PB10,PB16
TX.PB10_TX.PB16,55.0,-0.8810857184336804,0.8137767764738773,PB10,PB16
TX.PB10_TX.PB16,59.0,0.43677541829490774,0.8153141296868776,PB10,PB16
TX.PB10_TX.PB16,63.0,1.3026863442833327,0.7886905740869745,PB10,PB16
TX.PB10_TX.PB16,67.0,0.04426807277781467,0.7665304093959939,PB10,PB16
TX.PB10_TX.PB18,29.0,0.3827112378452413,0.848216589530457,PB10,PB18
TX.PB10_TX.PB18,33.0,0.6499544229601537,0.8472873023602541,PB10,PB18
TX.PB10_TX.PB18,37.0,0.08305823908579252,0.8551256715299655,PB10,PB18
TX.PB10_TX.PB18,41.0,0.006352618390140996,0.7963538477044526,PB10,PB18
TX.PB10_TX.PB18,45.0,-0.18242588980314153,0.8536824778589865,PB10,PB18
TX.PB10_TX.PB18,49.0,-0.21987784517204648,0.8688796968198803,PB10,PB18
TX.PB10_TX.PB18,53.0,-0.1955175890846946,0.7754614787905862,PB10,PB18
TX.PB10_TX.PB18,57.0,0.5778614117015479,0.8053888363743339,PB10,PB18
TX.PB10_TX.PB18,61.0,0.2837291014410494,0.8227492076003765,PB10,PB18
TX.PB10_TX.PB18,65.0,-0.09382291375977889,0.8251860648359811,PB10,PB18
TX.PB10_TX.PB18,69.0,-0.552517111228343,0.815387912393968,PB10,PB18
TX.PB10_TX.PB19,33.0,0.4514922453441924,0.8250470724495289,PB10,PB19
TX.PB10_TX.PB19,37.0,0.5585517502071619,0.7900258929892937,PB10,PB19
TX.PB10_TX.PB19,41.0,-0.04822875009112797,0.7950926881919704,PB10,PB19
TX.PB10_TX.PB19,45.0,0.6525418766024721,0.7510802155306979,PB10,PB19
TX.PB10_TX.PB19,49.0,0.4876314624740796,0.8060486360180468,PB10,PB19
TX.PB10_TX.PB19,53.0,-0.1026132901700994,0.7990189735359291,PB10,PB19
TX.PB10_TX.PB19,57.0,0.6739700197995168,0.827762305379536,PB10,PB19
TX.PB10_TX.PB19,61.0,-0.6122444597882649,0.855969921651513,PB10,PB19
TX.PB10_TX.PB19,65.0,-0.061424335350135625,0.8513635273319047,PB10,PB19
TX.PB10_TX.PB19,69.0,-0.5574735647733313,0.8461305939330622,PB10,PB19
TX.PB10_TX.PB19,73.0,0.20812733425739308,0.8398218134566371,PB10,PB19
TX.PB10_TX.PB21,35.0,-0.10440629617067694,0.8147180852712816,PB10,PB21
TX.PB10_TX.PB21,39.0,-0.06838624688132496,0.7976103271230847,PB10,PB21
TX.PB10_TX.PB21,43.0,-0.4858473685087488,0.806172126725096,PB10,PB21
TX.PB10_TX.PB21,47.0,-0.5330499194614826,0.8822980271099029,PB10,PB21
TX.PB10_TX.PB21,51.0,0.7758327990482861,0.8153688093097476,PB10,PB21
TX.PB10_TX.PB21,55.0,-0.42224118956744766,0.8319601575342854,PB10,PB21
TX.PB10_TX.PB21,59.0,0.5767214770089982,0.8461930175578195,PB10,PB21
TX.PB10_TX.PB21,63.0,-0.2758708046069294,0.8220917239614872,PB10,PB21
TX.PB10_TX.PB21,67.0,0.028941941282722327,0.7965223015488844,PB10,PB21
TX.PB10_TX.PB21,71.0,-0.4501320508171599,0.8226411648927162,PB10,PB21
TX.PB10_TX.PB21,75.0,0.24972966850291303,0.8229002544543118,PB10,PB21
TX.PB10_TX.PCOS,15.0,0.11508083349372968,0.8240855514218877,PB10,PCOS
TX.PB10_TX.PCOS,19.0,-0.35958770094514286,0.838542418187045,PB10,PCOS
TX.PB10_TX.PCOS,23.0,-0.2986882455086055,0.8567749119453468,PB10,PCOS
TX.PB10_TX.PCOS,27.0,0.3634673534241452,0.8189503861582909,PB10,PCOS
TX.PB10_TX.PCOS,31.0,-0.15972261679904257,0.8203054285334158,PB10,PCOS
TX.PB10_TX.PCOS,35.0,0.7103558591275013,0.8187419419659093,PB10,PCOS
TX.PB10_TX.PCOS,39.0,-0.624631357842704,0.7908269130235122,PB10,PCOS
TX.PB10_TX.PCOS,43.0,0.3984883751744572,0.7560598130220173,PB10,PCOS
TX.PB10_TX.PCOS,47.0,-0.4371236759181804,0.8184995293307433,PB10,PCOS
TX.PB10_TX.PCOS,51.0,0.6446686652625596,0.8306461227189171,PB10,PCOS
TX.PB10_TX.PCOS,55.0,0.6105611237213232,0.7487356199533401,PB10,PCOS
TX.PB10_TX.PECS,9.0,0.5671933109172105,0.7656684062366907,PB10,PECS
TX.PB10_TX.PECS,13.0,1.1870695057997995,0.8004108369275891,PB10,PECS
TX.PB10_TX.PECS,17.0,1.1117475189305988,0.8070145693972326,PB10,PECS
TX.PB10_TX.PECS,21.0,0.6074323011387046,0.8237778867019515,PB10,PECS
TX.PB10_TX.PECS,25.0,0.34858696344900786,0.7976243512937036,PB10,PECS
TX.PB10_TX.PECS,29.0,-0.5158207232689492,0.8038623824972557,PB10,PECS
TX.PB10_TX.PECS,33.0,-0.07936773922303063,0.810515475359852,PB10,PECS
TX.PB10_TX.PECS,37.0,-0.08541526817877734,0.8283024594768874,PB10,PECS
TX.PB10_TX.PECS,41.0,0.5429757307042823,0.8555179020730708,PB10,PECS
TX.PB10_TX.PECS,45.0,-0.8256075522375633,0.7859483217959565,PB10,PECS
TX.PB10_TX.PECS,49.0,-0.07525796162827486,0.793507068255257,PB10,PECS
TX.PB12_TX.PB14,41.0,0.07497795469283051,0.8484631287686755,PB12,PB14
TX.PB12_TX.PB14,45.0,-0.278376344952941,0.8496466588967065,PB12,PB14
TX.PB12_TX.PB14,49.0,-0.40360473711586115,0.8287495568396676,PB12,PB14
TX.PB12_TX.PB14,53.0,0.39325336674583056,0.7995551195551398,PB12,PB14
TX.PB12_TX.PB14,57.0,0.01885493008377766,0.8064996946570144,PB12,PB14
TX.PB12_TX.PB14,61.0,0.3745380573008577,0.8492570212087902,PB12,PB14
TX.PB12_TX.PB14,65.0,0.1266497952167812,0.8082737101757734,PB12,PB14
TX.PB12_TX.PB14,69.0,-0.6469175162488126,0.8317380197443315,PB12,PB14
TX.PB12_TX.PB14,73.0,0.14073975103091835,0.8252834984516424,PB12,PB14
TX.PB12_TX.PB14,77.0,0.4472189645171683,0.8172474417563494,PB12,PB14
TX.PB12_TX.PB14,81.0,0.497022179087608,0.8006584645634328,PB12,PB14
TX.PB12_TX.PB16,35.0,-0.12329757677148136,0.8355323793509856,PB12,PB16
TX.PB12_TX.PB16,39.0,1.2594182709893127,0.7694076502096848,PB12,PB16
TX.PB12_TX.PB16,43.0,-0.3910035141936681,0.8361438901739133,PB12,PB16
TX.PB12_TX.PB16,47.0,0.811884397426743,0.8487051076233609,PB12,PB16
TX.PB12_TX.PB16,51.0,0.36192956891927286,0.8347365612422822,PB12,PB16
TX.PB12_TX.PB16,55.0,-0.6687804499376245,0.7204623376272083,PB12,PB16
TX.PB12_TX.PB16,59.0,0.2532862835784039,0.8254111292881943,PB12,PB16
TX.PB12_TX.PB16,63.0,-0.014928092586909457,0.8006681225181012,PB12,PB16
TX.PB12_TX.PB16,67.0,-1.078219944343682,0.8138217780846809,PB12,PB16
TX.PB12_TX.PB16,71.0,-0.5860821859619949,0.7998003842930483,PB12,PB16
TX.PB12_TX.PB16,75.0,0.29595135760766994,0.823786213440456,PB12,PB16
TX.PB12_TX.PB18,39.0,0.29441921648389474,0.8521607660498272,PB12,PB18
TX.PB12_TX.PB18,43.0,0.41133566024952434,0.77595673495581,PB12,PB18
TX.PB12_TX.PB18,47.0,0.5662620040237711,0.8409195163464781,PB12,PB18
TX.PB12_TX.PB18,51.0,0.22656831268120947,0.794649021304166,PB12,PB18
TX.PB12_TX.PB18,55.0,0.5950107335232804,0.8116762427582194,PB12,PB18
TX.PB12_TX.PB18,59.0,0.59649761214002,0.7820255114088179,PB12,PB18
TX.PB12_TX.PB18,63.0,-0.48693149566388527,0.8234440369130035,PB12,PB18
TX.PB12_TX.PB18,67.0,0.1929927565033976,0.8381668951155693,PB12,PB18
TX.PB12_TX.PB18,71.0,-0.0009556237094217456,0.7249562326019395,PB12,PB18
TX.PB12_TX.PB18,75.0,0.6885364557084593,0.8618204736669373,PB12,PB18
TX.PB12_TX.PB18,79.0,-0.15923773408516315,0.8689542925432772,PB12,PB18
TX.PB12_TX.PB19,43.0,-0.2748214226642491,0.8244050386124283,PB12,PB19
TX.PB12_TX.PB19,47.0,-0.19262781551364744,0.8212821033705755,PB12,PB19
TX.PB12_TX.PB19,51.0,0.31077634692385325,0.7712834048019118,PB12,PB19
TX.PB12_TX.PB19,55.0,0.42675191418035247,0.8289537961811697,PB12,PB19
TX.PB12_TX.PB19,59.0,-0.503713841965591,0.7655342654008424,PB12,PB19
TX.PB12_TX.PB19,63.0,0.27198671901134425,0.7897250970268173,PB12,PB19
TX.PB12_TX.PB19,67.0,-0.15666395206971132,0.7972654880732691,PB12,PB19
TX.PB12_TX.PB19,71.0,0.05928898161733184,0.8042618921047704,PB12,PB19
TX.PB12_TX.PB19,75.0,-0.3388899267355896,0.7982582395342046,PB12,PB19
TX.PB12_TX.PB19,79.0,-0.15967293454114564,0.7704586269630854,PB12,PB19
TX.PB12_TX.PB19,83.0,-0.17874027411238771,0.8191815543310008,PB12,PB19
TX.PB12_TX.PB21,45.0,-0.02754929640165697,0.8593563397934819,PB12,PB21
TX.PB12_TX.PB21,49.0,-1.084373087735874,0.8008933945990776,PB12,PB21
TX.PB12_TX.PB21,53.0,0.3462647922557811,0.8114824654026258,PB12,PB21
TX.PB12_TX.PB21,57.0,-0.8656724382827915,0.7733025013342699,PB12,PB21
TX.PB12_TX.PB21,61.0,0.37512722182403374,0.8176060273177862,PB12,PB21
TX.PB12_TX.PB21,65.0,0.019630095399678367,0.8783243937544358,PB12,PB21
TX.PB12_TX.PB21,69.0,0.26177711495606554,0.771002087665363,PB12,PB21
TX.PB12_TX.PB21,73.0,0.020642801284842756,0.8228625506445918,PB12,PB21
TX.PB12_TX.PB21,77.0,-1.0372195689493007,0.8249591510833062,PB12,PB21
TX.PB12_TX.PB21,81.0,-0.6850417523462656,0.7882108403512422,PB12,PB21
TX.PB12_TX.PB21,85.0,1.5698259060881978,0.7348067293576354,PB12,PB21
TX.PB12_TX.PCOS,25.0,0.40464350102728713,0.8241060953969273,PB12,PCOS
TX.PB12_TX.PCOS,29.0,-0.3459879157361151,0.7917728911074762,PB12,PCOS
TX.PB12_TX.PCOS,33.0,0.7764189697151005,0.8244024721210269,PB12,PCOS
TX.PB12_TX.PCOS,37.0,0.9811717204117456,0.8084768291596157,PB12,PCOS
TX.PB12_TX.PCOS,41.0,0.17592762776865903,0.8154293344882148,PB12,PCOS
TX.PB12_TX.PCOS,45.0,0.38237806263585,0.8437665803300488,PB12,PCOS
TX.PB12_TX.PCOS,49.0,0.04729801575398566,0.773406219592443,PB12,PCOS
TX.PB12_TX.PCOS,53.0,-0.9511844786602272,0.8099863622650583,PB12,PCOS
TX.PB12_TX.PCOS,57.0,0.3921936034715364,0.7918202234367485,PB12,PCOS
TX.PB12_TX.PCOS,61.0,-0.2155824541532724,0.8474287622426872,PB12,PCOS
TX.PB12_TX.PCOS,65.0,0.2616418903461784,0.8788199682589917,PB12,PCOS
TX.PB12_TX.PECS,11.0,0.8475814894381412,0.8158156559609159,PB12,PECS
TX.PB12_TX.PECS,15.0,0.257203688952472,0.8469842556048467,PB12,PECS
TX.PB12_TX.PECS,19.0,0.1084770809422314,0.8393081421120794,PB12,PECS
TX.PB12_TX.PECS,23.0,-0.21188630207763087,0.8294950590920234,PB12,PECS
TX.PB12_TX.PECS,27.0,0.4960520824107181,0.7955332810739437,PB12,PECS
TX.PB12_TX.PECS,31.0,-0.12640676205148818,0.8139603102115518,PB12,PECS
TX.PB12_TX.PECS,35.0,0.2281074990803908,0.8422266068274106,PB12,PECS
TX.PB12_TX.PECS,39.0,-0.40134120691773384,0.769917349889351,PB12,PECS
TX.PB12_TX.PECS,43.0,-0.10937072952705934,0.8067814227359155,PB12,PECS
TX.PB12_TX.PECS,47.0,0.4197349587653509,0.8081111673717166,PB12,PECS
TX.PB12_TX.PECS,51.0,-0.364283927923098,0.8029338577361275,PB12,PECS
TX.PB14_TX.PB16,7.0,0.24621858398552343,0.8418649267033909,PB14,PB16
TX.PB14_TX.PB16,11.0,0.0891160825966535,0.8564978614782637,PB14,PB16
TX.PB14_TX.PB16,15.0,0.7031456453687092,0.8308768641108053,PB14,PB16
TX.PB14_TX.PB16,19.0,-0.6687765437855341,0.7852722939928664,PB14,PB16
TX.PB14_TX.PB16,23.0,0.22682771837258656,0.8161188030027987,PB14,PB16
TX.PB14_TX.PB16,27.0,-0.11541674738667725,0.833035440744244,PB14,PB16
TX.PB14_TX.PB16,31.0,-0.3309645756140572,0.813053358366697,PB14,PB16
TX.PB14_TX.PB16,35.0,0.23757517550440152,0.8018090914054926,PB14,PB16
TX.PB14_TX.PB16,39.0,0.2837603173731548,0.7997901819276142,PB14,PB16
TX.PB14_TX.PB16,43.0,-0.43053601296495186,0.7801490910998664,PB14,PB16
TX.PB14_TX.PB16,47.0,0.022372517073320223,0.8771405831918047,PB14,PB16
TX.PB14_TX.PB18,7.0,-0.8106430011289752,0.8301417081155313,PB14,PB18
TX.PB14_TX.PB18,11.0,-0.38800116069219887,0.7536058648117842,PB14,PB18
TX.PB14_TX.PB18,15.0,0.8562099062854561,0.7743254778826684,PB14,PB18
TX.PB14_TX.PB18,19.0,-0.4578324093749941,0.8067341759138726,PB14,PB18
TX.PB14_TX.PB18,23.0,-0.03951055432513265,0.7948874198370357,PB14,PB18
TX.PB14_TX.PB18,27.0,0.08840470183247018,0.8236149501939692,PB14,PB18
TX.PB14_TX.PB18,31.0,-0.2356387844576008,0.8265254632566726,PB14,PB18
TX.PB14_TX.PB18,35.0,-0.09533528097634232,0.7979770741048291,PB14,PB18
TX.PB14_TX.PB18,39.0,0.3916320765184532,0.7740696247798917,PB14,PB18
TX.PB14_TX.PB18,43.0,0.21524855027351264,0.8153054272023339,PB14,PB18
TX.PB14_TX.PB18,47.0,0.8544888664341641,0.8203372282776497,PB14,PB18
TX.PB14_TX.PB19,11.0,-0.10344621285645336,0.8201934989246814,PB14,PB19
TX.PB14_TX.PB19,15.0,-0.35747971464120887,0.8327081690255996,PB14,PB19
TX.PB14_TX.PB19,19.0,0.20245984658739832,0.8335267348330979,PB14,PB19
TX.PB14_TX.PB19,23.0,-0.029033650295146783,0.8100326145340961,PB14,PB19
TX.PB14_TX.PB19,27.0,0.31459850346399465,0.7906381801632227,PB14,PB19
TX.PB14_TX.PB19,31.0,-0.5805183273168589,0.794343534105932,PB14,PB19
TX.PB14_TX.PB19,35.0,0.41433834530142144,0.8302901098423349,PB14,PB19
TX.PB14_TX.PB19,39.0,0.23828643131693608,0.7915346563137758,PB14,PB19
TX.PB14_TX.PB19,43.0,-0.23266225661269185,0.8326003352490545,PB14,PB19
TX.PB14_TX.PB19,47.0,-0.3202114169573266,0.7670801766081765,PB14,PB19
TX.PB14_TX.PB19,51.0,0.6120451955609674,0.8428025334193457,PB14,PB19
TX.PB14_TX.PB21,15.0,0.5837408775486229,0.8526920039769977,PB14,PB21
TX.PB14_TX.PB21,19.0,-0.061832980120801594,0.800793490751452,PB14,PB21
TX.PB14_TX.PB21,23.0,-0.005606064306093408,0.7895333609620755,PB14,PB21
TX.PB14_TX.PB21,27.0,0.9025672973557315,0.8011267780253499,PB14,PB21
TX.PB14_TX.PB21,31.0,-0.13606384261835702,0.7308200232052589,PB14,PB21
TX.PB14_TX.PB21,35.0,-0.8465264491029961,0.7731822484030649,PB14,PB21
TX.PB14_TX.PB21,39.0,0.9947875439918736,0.8076140559418163,PB14,PB21
TX.PB14_TX.PB21,43.0,0.1416225418938236,0.8338258432610847,PB14,PB21
TX.PB14_TX.PB21,47.0,0.1683846233534745,0.8261669476863259,PB14,PB21
TX.PB14_TX.PB21,51.0,-0.6466411875903187,0.7918270003370356,PB14,PB21
TX.PB14_TX.PB21,55.0,0.28399147730504026,0.8054337250525642,PB14,PB21
TX.PB14_TX.PCOS,25.0,0.4219794358453309,0.8331882674628461,PB14,PCOS
TX.PB14_TX.PCOS,29.0,-0.07568572761118492,0.8417606136366019,PB14,PCOS
TX.PB14_TX.PCOS,33.0,0.24618161393043983,0.8386337181454933,PB14,PCOS
TX.PB14_TX.PCOS,37.0,-0.18427701869460764,0.7926327991423737,PB14,PCOS
TX.PB14_TX.PCOS,41.0,0.30922064528561044,0.8145369424052156,PB14,PCOS
TX.PB14_TX.PCOS,45.0,-0.5335538247450705,0.8311710848003572,PB14,PCOS
TX.PB14_TX.PCOS,49.0,-0.7307276018913379,0.8364471171249421,PB14,PCOS
TX.PB14_TX.PCOS,53.0,0.29536427800409043,0.7871630455831498,PB14,PCOS
TX.PB14_TX.PCOS,57.0,-0.885451096086374,0.790589852312243,PB14,PCOS
TX.PB14_TX.PCOS,61.0,0.7319139929478317,0.7928452331369182,PB14,PCOS
TX.PB14_TX.PCOS,65.0,-0.39632090994435376,0.7872168562962145,PB14,PCOS
TX.PB14_TX.PECS,39.0,0.18455145786522653,0.8207667182240963,PB14,PECS
TX.PB14_TX.PECS,43.0,0.30362940760204954,0.8140866464092112,PB14,PECS
TX.PB14_TX.PECS,47.0,-1.0244496587246983,0.7706748678569686,PB14,PECS
TX.PB14_TX.PECS,51.0,0.6665604936137265,0.8020535477047234,PB14,PECS
TX.PB14_TX.PECS,55.0,-0.5220971906113708,0.7906795827703182,PB14,PECS
TX.PB14_TX.PECS,59.0,0.01373751129297181,0.8497014284369953,PB14,PECS
TX.PB14_TX.PECS,63.0,0.3481464549510811,0.8273833968499171,PB14,PECS
TX.PB14_TX.PECS,67.0,-0.17702516977886243,0.8337832990932244,PB14,PECS
TX.PB14_TX.PECS,71.0,0.05134569678678672,0.8082112462467204,PB14,PECS
TX.PB14_TX.PECS,75.0,-0.6569630137183704,0.8173503192053606,PB14,PECS
TX.PB14_TX.PECS,79.0,0.413683637787758,0.7989566324320366,PB14,PECS
TX.PB16_TX.PB18,7.0,-0.16350067355567646,0.7935942463770241,PB16,PB18
TX.PB16_TX.PB18,11.0,-0.13819001351223223,0.7829045811818072,PB16,PB18
TX.PB16_TX.PB18,15.0,0.3250085913107452,0.7507545973774524,PB16,PB18
TX.PB16_TX.PB18,19.0,-0.14977934316307975,0.7930331048133142,PB16,PB18
TX.PB16_TX.PB18,23.0,0.27851154319298854,0.8197907220948083,PB16,PB18
TX.PB16_TX.PB18,27.0,-0.053617723119316577,0.7932450800574817,PB16,PB18
TX.PB16_TX.PB18,31.0,-0.027853683854624636,0.8305276374435557,PB16,PB18
TX.PB16_TX.PB18,35.0,-0.18832191068771317,0.8242053061636156,PB16,PB18
TX.PB16_TX.PB18,39.0,0.0005184747936282577,0.7815329490669615,PB16,PB18
TX.PB16_TX.PB18,43.0,0.32916021381131916,0.7687655343247749,PB16,PB18
TX.PB16_TX.PB18,47.0,0.09000945832154503,0.7940527880543362,PB16,PB18
TX.PB16_TX.PB19,15.0,0.35698247445770526,0.838901812941637,PB16,PB19
TX.PB16_TX.PB19,19.0,-0.3420848648822163,0.7953073014981585,PB16,PB19
TX.PB16_TX.PB19,23.0,0.15086296690025935,0.7926844497305339,PB16,PB19
TX.PB16_TX.PB19,27.0,0.24337172796299628,0.8031217450539213,PB16,PB19
TX.PB16_TX.PB19,31.0,0.7412736094131086,0.8253458750366652,PB16,PB19
TX.PB16_TX.PB19,35.0,0.2435789695827506,0.8252122661930635,PB16,PB19
TX.PB16_TX.PB19,39.0,0.41008547884048024,0.7938197843226563,PB16,PB19
TX.PB16_TX.PB19,43.0,0.016374046834570357,0.8209454983736841,PB16,PB19
TX.PB16_TX.PB19,47.0,-0.02936310352260156,0.8329118917992829,PB16,PB19
TX.PB16_TX.PB19,51.0,-0.33515326913698273,0.8099115977844716,PB16,PB19
TX.PB16_TX.PB19,55.0,0.8709769760383437,0.8082048678706609,PB16,PB19
TX.PB16_TX.PB21,17.0,-0.16461509073068323,0.8268854563812573,PB16,PB21
TX.PB16_TX.PB21,21.0,-0.6257731718789412,0.7982799423919712,PB16,PB21
TX.PB16_TX.PB21,25.0,0.3307004825367429,0.8184808297731899,PB16,PB21
TX.PB16_TX.PB21,29.0,0.5068681638629249,0.7580885308747546,PB16,PB21
TX.PB16_TX.PB21,33.0,0.2007019873874148,0.8379594109935214,PB16,PB21
TX.PB16_TX.PB21,37.0,-1.082760901245729,0.7944635165188274,PB16,PB21
TX.PB16_TX.PB21,41.0,0.01023680508463066,0.7864606208665403,PB16,PB21
TX.PB16_TX.PB21,45.0,0.2078893974569624,0.8104835705272124,PB16,PB21
TX.PB16_TX.PB21,49.0,0.2775970295484527,0.8368477593230008,PB16,PB21
TX.PB16_TX.PB21,53.0,-0.4013730526094966,0.8127468031832976,PB16,PB21
TX.PB16_TX.PB21,57.0,0.31679912019682327,0.8255529750975015,PB16,PB21
TX.PB16_TX.PCOS,21.0,0.1442889704614001,0.8283143149634749,PB16,PCOS
TX.PB16_TX.PCOS,25.0,-0.14842968981931043,0.8146549581561379,PB16,PCOS
TX.PB16_TX.PCOS,29.0,0.118556378159667,0.8053091479586957,PB16,PCOS
TX.PB16_TX.PCOS,33.0,-0.023361069099709735,0.8653459056953523,PB16,PCOS
TX.PB16_TX.PCOS,37.0,0.5490416991467426,0.7567943792116874,PB16,PCOS
TX.PB16_TX.PCOS,41.0,-0.89045730174901,0.7632892352080644,PB16,PCOS
TX.PB16_TX.PCOS,45.0,-0.5494646473929177,0.8076642437269611,PB16,PCOS
TX.PB16_TX.PCOS,49.0,0.2373062300875577,0.8187764998477242,PB16,PCOS
TX.PB16_TX.PCOS,53.0,-0.5873857505562902,0.7691340078154345,PB16,PCOS
TX.PB16_TX.PCOS,57.0,0.1661652786421522,0.8517252856035981,PB16,PCOS
TX.PB16_TX.PCOS,61.0,0.06244430639625785,0.8360298373336523,PB16,PCOS
TX.PB16_TX.PECS,35.0,0.32764221664379,0.8083674389425921,PB16,PECS
TX.PB16_TX.PECS,39.0,-0.5604512155132019,0.8100886188461757,PB16,PECS
TX.PB16_TX.PECS,43.0,0.017834993930977774,0.7783504588037385,PB16,PECS
TX.PB16_TX.PECS,47.0,0.05136245223253474,0.8051847622264315,PB16,PECS
TX.PB16_TX.PECS,51.0,-0.18786351486282207,0.8083917268406654,PB16,PECS
TX.PB16_TX.PECS,55.0,-0.2218149086473649,0.8267784196024879,PB16,PECS
TX.PB16_TX.PECS,59.0,0.3574164817402624,0.8064374639478024,PB16,PECS
TX.PB16_TX.PECS,63.0,0.6073899889600164,0.7158071811488042,PB16,PECS
TX.PB16_TX.PECS,67.0,0.6358483617722749,0.8258087616629097,PB16,PECS
TX.PB16_TX.PECS,71.0,-0.5760168426639285,0.8160434163718697,PB16,PECS
TX.PB16_TX.PECS,75.0,0.38177380043174514,0.8300121684587843,PB16,PECS
TX.PB18_TX.PB19,9.0,0.5464246667360527,0.7548870603728173,PB18,PB19
TX.PB18_TX.PB19,13.0,0.5669158186236477,0.8595345898232061,PB18,PB19
TX.PB18_TX.PB19,17.0,0.21657974429484933,0.8473043640886205,PB18,PB19
TX.PB18_TX.PB19,21.0,-0.18019272562930097,0.8212090994229642,PB18,PB19
TX.PB18_TX.PB19,25.0,0.22061392533620572,0.8079158063872314,PB18,PB19
TX.PB18_TX.PB19,29.0,-0.6934223597518544,0.7480002670831507,PB18,PB19
TX.PB18_TX.PB19,33.0,-0.3718587680574469,0.7471287591412004,PB18,PB19
TX.PB18_TX.PB19,37.0,0.4756923062589218,0.8089449544731737,PB18,PB19
TX.PB18_TX.PB19,41.0,0.8699261112614796,0.7860616203307144,PB18,PB19
TX.PB18_TX.PB19,45.0,0.021807684893352754,0.8205732810089139,PB18,PB19
TX.PB18_TX.PB19,49.0,-0.22301387147628535,0.7495149497974793,PB18,PB19
TX.PB18_TX.PB21,13.0,0.22274633319932063,0.8358553003772156,PB18,PB21
TX.PB18_TX.PB21,17.0,0.3428847011930179,0.8261473899117594,PB18,PB21
TX.PB18_TX.PB21,21.0,-0.23529963958188296,0.8463878639713002,PB18,PB21
TX.PB18_TX.PB21,25.0,0.14983844791038647,0.838973119488069,PB18,PB21
TX.PB18_TX.PB21,29.0,-0.2160549606604681,0.8227314525584506,PB18,PB21
TX.PB18_TX.PB21,33.0,0.12619376000236507,0.8456826627537335,PB18,PB21
TX.PB18_TX.PB21,37.0,-0.3916578996552159,0.8215083174913074,PB18,PB21
TX.PB18_TX.PB21,41.0,0.11349164578573684,0.7947207279467534,PB18,PB21
TX.PB18_TX.PB21,45.0,-0.4372903527269928,0.8207320597462121,PB18,PB21
TX.PB18_TX.PB21,49.0,1.3183392798349232,0.8098820558478089,PB18,PB21
TX.PB18_TX.PB21,53.0,0.23270564225280163,0.8291649180592113,PB18,PB21
TX.PB18_TX.PCOS,21.0,0.6436396416444979,0.8054410803871683,PB18,PCOS
TX.PB18_TX.PCOS,25.0,-0.05987059635756236,0.8016727490300553,PB18,PCOS
TX.PB18_TX.PCOS,29.0,-0.4741782968739132,0.791910534939712,PB18,PCOS
TX.PB18_TX.PCOS,33.0,0.2710389448278265,0.7363504863493975,PB18,PCOS
TX.PB18_TX.PCOS,37.0,-0.6867270663289956,0.7797904642542618,PB18,PCOS
TX.PB18_TX.PCOS,41.0,-0.6153332051816024,0.809551568355929,PB18,PCOS
TX.PB18_TX.PCOS,45.0,0.8618701263172426,0.8001255811337616,PB18,PCOS
TX.PB18_TX.PCOS,49.0,0.102137274556461,0.7729619738875337,PB18,PCOS
TX.PB18_TX.PCOS,53.0,0.4415869628312846,0.8198323420396881,PB18,PCOS
TX.PB18_TX.PCOS,57.0,-0.6112301382504957,0.8161693985914296,PB18,PCOS
TX.PB18_TX.PCOS,61.0,0.04840961982304791,0.7951578476091574,PB18,PCOS
TX.PB18_TX.PECS,35.0,0.31375736003720783,0.8417407124462314,PB18,PECS
TX.PB18_TX.PECS,39.0,-0.482354984519748,0.8020711228070878,PB18,PECS
TX.PB18_TX.PECS,43.0,0.8332357089379424,0.8336056484497794,PB18,PECS
TX.PB18_TX.PECS,47.0,0.3949389467013861,0.7911819605104973,PB18,PECS
TX.PB18_TX.PECS,51.0,-0.17977336407570943,0.806888993569147,PB18,PECS
TX.PB18_TX.PECS,55.0,-0.7442243696609645,0.7293708858392517,PB18,PECS
TX.PB18_TX.PECS,59.0,-0.257843037511276,0.8155253511731576,PB18,PECS
TX.PB18_TX.PECS,63.0,0.5388155947838305,0.8135468306073584,PB18,PECS
TX.PB18_TX.PECS,67.0,-0.7082200413487051,0.8262388482503464,PB18,PECS
TX.PB18_TX.PECS,71.0,0.43488114060300065,0.8061789782665635,PB18,PECS
TX.PB18_TX.PECS,75.0,0.0922744220431824,0.7778487079475872,PB18,PECS
TX.PB19_TX.PB21,5.0,-0.035099683952940684,0.8975675282641995,PB19,PB21
TX.PB19_TX.PB21,9.0,0.01891137273567828,0.863320986219058,PB19,PB21
TX.PB19_TX.PB21,13.0,-0.2881441395177655,0.7769956965092398,PB19,PB21
TX.PB19_TX.PB21,17.0,-0.08301321388020681,0.8128497953021376,PB19,PB21
TX.PB19_TX.PB21,21.0,0.2796767773071975,0.827826925844064,PB19,PB21
TX.PB19_TX.PB21,25.0,0.3804317997274382,0.865489277281066,PB19,PB21
TX.PB19_TX.PB21,29.0,1.1419936302086393,0.7959208721108022,PB19,PB21
TX.PB19_TX.PB21,33.0,0.19049481579148708,0.8234442417675191,PB19,PB21
TX.PB19_TX.PB21,37.0,-0.4730322037062501,0.8266097249891772,PB19,PB21
TX.PB19_TX.PB21,41.0,-0.4448755456519512,0.8019769324278376,PB19,PB21
TX.PB19_TX.PB21,45.0,-0.45816658164963137,0.8066504431758574,PB19,PB21
TX.PB19_TX.PCOS,23.0,0.0105387131604542,0.8182624178880444,PB19,PCOS
TX.PB19_TX.PCOS,27.0,-0.4165664452368692,0.7746283544381038,PB19,PCOS
TX.PB19_TX.PCOS,31.0,-0.2949565453392352,0.8206611683124672,PB19,PCOS
TX.PB19_TX.PCOS,35.0,0.004546274955837886,0.8338576798821281,PB19,PCOS
TX.PB19_TX.PCOS,39.0,0.015167254189465424,0.8105621937051293,PB19,PCOS
TX.PB19_TX.PCOS,43.0,-0.599325021870899,0.8632802541587483,PB19,PCOS
TX.PB19_TX.PCOS,47.0,0.1250342633386826,0.7906168903853341,PB19,PCOS
TX.PB19_TX.PCOS,51.0,0.3632965021834916,0.8121208065969661,PB19,PCOS
TX.PB19_TX.PCOS,55.0,0.689476086827492,0.857337383341664,PB19,PCOS
TX.PB19_TX.PCOS,59.0,-0.7642924451057002,0.799639065610055,PB19,PCOS
TX.PB19_TX.PCOS,63.0,-0.3020187308789013,0.8148294677616592,PB19,PCOS
TX.PB19_TX.PECS,39.0,0.4554995291870915,0.8213868641644961,PB19,PECS
TX.PB19_TX.PECS,43.0,-0.008135274630378081,0.7899233282191684,PB19,PECS
TX.PB19_TX.PECS,47.0,1.0330908774905168,0.7943579639741057,PB19,PECS
TX.PB19_TX.PECS,51.0,0.7676276529599421,0.7967134992766558,PB19,PECS
TX.PB19_TX.PECS,55.0,0.4663832880391712,0.7798688835921409,PB19,PECS
TX.PB19_TX.PECS,59.0,-0.07170985304700787,0.8399553529894741,PB19,PECS
TX.PB19_TX.PECS,63.0,-0.15699982401725487,0.8064105948169075,PB19,PECS
TX.PB19_TX.PECS,67.0,-0.6200478228549838,0.8550512116029196,PB19,PECS
TX.PB19_TX.PECS,71.0,0.1130349414637853,0.8086787286604795,PB19,PECS
TX.PB19_TX.PECS,75.0,-0.8826947973837433,0.7870930107863795,PB19,PECS
TX.PB19_TX.PECS,79.0,0.8205436808994471,0.8508648210124362,PB19,PECS
TX.PB21_TX.PCOS,23.0,-0.09257564793094013,0.7936901747633364,PB21,PCOS
TX.PB21_TX.PCOS,27.0,0.08619575388616314,0.782119455817603,PB21,PCOS
TX.PB21_TX.PCOS,31.0,0.3889346014676735,0.7830155816779731,PB21,PCOS
TX.PB21_TX.PCOS,35.0,-0.11471715801757236,0.8238431175161609,PB21,PCOS
TX.PB21_TX.PCOS,39.0,0.15934660794834155,0.7892686923581971,PB21,PCOS
TX.PB21_TX.PCOS,43.0,0.6102280272578998,0.800496571903983,PB21,PCOS
TX.PB21_TX.PCOS,47.0,0.2604240322734592,0.8113612585496509,PB21,PCOS
TX.PB21_TX.PCOS,51.0,0.1391495361428999,0.7955407697622326,PB21,PCOS
TX.PB21_TX.PCOS,55.0,-0.5225306309828233,0.8497476023113699,PB21,PCOS
TX.PB21_TX.PCOS,59.0,0.008126216817068382,0.8486314623673483,PB21,PCOS
TX.PB21_TX.PCOS,63.0,-0.24087367155470113,0.7908521075464487,PB21,PCOS
TX.PB21_TX.PECS,41.0,-0.6080632559213638,0.8207520215171371,PB21,PECS
TX.PB21_TX.PECS,45.0,0.011449471409311835,0.7993193089614414,PB21,PECS
TX.PB21_TX.PECS,49.0,0.7044816717055887,0.7678959458779507,PB21,PECS
TX.PB21_TX.PECS,53.0,-0.16984222027374055,0.8328903971919666,PB21,PECS
TX.PB21_TX.PECS,57.0,-0.5383152612847182,0.7844938089705825,PB21,PECS
TX.PB21_TX.PECS,61.0,1.0797384962288463,0.7829316273714109,PB21,PECS
TX.PB21_TX.PECS,65.0,-0.2906019723042264,0.8396901031149797,PB21,PECS
TX.PB21_TX.PECS,69.0,0.3183282089747688,0.7975868265925408,PB21,PECS
TX.PB21_TX.PECS,73.0,0.5364433190452782,0.8163034742877167,PB21,PECS
TX.PB21_TX.PECS,77.0,-0.022343724864180937,0.8390086057678242,PB21,PECS
TX.PB21_TX.PECS,81.0,-0.6086282942114589,0.8076518545578547,PB21,PECS
TX.PCOS_TX.PECS,19.0,-0.21055340694577795,0.8296468228918763,PCOS,PECS
TX.PCOS_TX.PECS,23.0,-0.10079761066154488,0.7925989943568702,PCOS,PECS
TX.PCOS_TX.PECS,27.0,0.03141539966491158,0.8019968601985777,PCOS,PECS
TX.PCOS_TX.PECS,31.0,-0.33675284511869175,0.8319402504626892,PCOS,PECS
TX.PCOS_TX.PECS,35.0,0.15631169118995375,0.8187559521397901,PCOS,PECS
TX.PCOS_TX.PECS,39.0,-0.07860418822287399,0.8383136285533584,PCOS,PECS
TX.PCOS_TX.PECS,43.0,0.0033181816728558226,0.812399876888224,PCOS,PECS
TX.PCOS_TX.PECS,47.0,-0.20248136550353665,0.8052729005197534,PCOS,PECS
TX.PCOS_TX.PECS,51.0,-0.8422749326860467,0.8014082031331404,PCOS,PECS
TX.PCOS_TX.PECS,55.0,0.06825581888128668,0.7736634344156759,PCOS,PECS
TX.PCOS_TX.PECS,59.0,0.26735020773945606,0.8167735959782546,PCOS,PECS
